[{"model": "accounts.part", "pk": 1, "fields": {"part": 1}}, {"model": "accounts.part", "pk": 2, "fields": {"part": 2}}, {"model": "accounts.part", "pk": 3, "fields": {"part": 3}}, {"model": "accounts.part", "pk": 4, "fields": {"part": 4}}, {"model": "accounts.baekjoonlevel", "pk": 1, "fields": {"level": "BronzeV"}}, {"model": "accounts.baekjoonlevel", "pk": 2, "fields": {"level": "Bronze IV"}}, {"model": "accounts.baekjoonlevel", "pk": 3, "fields": {"level": "Bronze III"}}, {"model": "accounts.baekjoonlevel", "pk": 4, "fields": {"level": "Bronze II"}}, {"model": "accounts.baekjoonlevel", "pk": 5, "fields": {"level": "Bronze I"}}, {"model": "accounts.baekjoonlevel", "pk": 6, "fields": {"level": "Silver V"}}, {"model": "accounts.baekjoonlevel", "pk": 7, "fields": {"level": "Silver IV"}}, {"model": "accounts.baekjoonlevel", "pk": 8, "fields": {"level": "Silver III"}}, {"model": "accounts.baekjoonlevel", "pk": 9, "fields": {"level": "Silver II"}}, {"model": "accounts.baekjoonlevel", "pk": 10, "fields": {"level": "Silver I"}}, {"model": "accounts.baekjoonlevel", "pk": 11, "fields": {"level": "Gold V"}}, {"model": "accounts.baekjoonlevel", "pk": 12, "fields": {"level": "Gold IV"}}, {"model": "accounts.baekjoonlevel", "pk": 13, "fields": {"level": "Gold III"}}, {"model": "accounts.baekjoonlevel", "pk": 14, "fields": {"level": "Gold II"}}, {"model": "accounts.baekjoonlevel", "pk": 15, "fields": {"level": "Gold I"}}, {"model": "accounts.baekjoonlevel", "pk": 16, "fields": {"level": "Platinum V"}}, {"model": "accounts.baekjoonlevel", "pk": 17, "fields": {"level": "Platinum IV"}}, {"model": "accounts.baekjoonlevel", "pk": 18, "fields": {"level": "Platinum III"}}, {"model": "accounts.baekjoonlevel", "pk": 19, "fields": {"level": "Platinum II"}}, {"model": "accounts.baekjoonlevel", "pk": 20, "fields": {"level": "Platinum I"}}, {"model": "accounts.baekjoonlevel", "pk": 21, "fields": {"level": "Diamond V"}}, {"model": "accounts.baekjoonlevel", "pk": 22, "fields": {"level": "Diamond IV"}}, {"model": "accounts.baekjoonlevel", "pk": 23, "fields": {"level": "Diamond III"}}, {"model": "accounts.baekjoonlevel", "pk": 24, "fields": {"level": "Diamond II"}}, {"model": "accounts.baekjoonlevel", "pk": 25, "fields": {"level": "Diamond I"}}, {"model": "accounts.baekjoonlevel", "pk": 26, "fields": {"level": "Ruby V"}}, {"model": "accounts.baekjoonlevel", "pk": 27, "fields": {"level": "Ruby IV"}}, {"model": "accounts.baekjoonlevel", "pk": 28, "fields": {"level": "Ruby III"}}, {"model": "accounts.baekjoonlevel", "pk": 29, "fields": {"level": "Ruby II"}}, {"model": "accounts.baekjoonlevel", "pk": 30, "fields": {"level": "Ruby I"}}, {"model": "accounts.baekjoonlevel", "pk": 31, "fields": {"level": "Master"}}, {"model": "accounts.track", "pk": 1, "fields": {"track": "파이썬"}}, {"model": "accounts.track", "pk": 2, "fields": {"track": "자바(비전공)"}}, {"model": "accounts.track", "pk": 3, "fields": {"track": "자바(전공)"}}, {"model": "accounts.track", "pk": 4, "fields": {"track": "임베디드"}}, {"model": "accounts.track", "pk": 5, "fields": {"track": "모바일"}}, {"model": "accounts.user", "pk": 1, "fields": {"password": "pbkdf2_sha256$260000$lMCVAW0eHYbEEWIUimt529$e0il7NrFc/mmVst044G7lgq/Qs5JxeoWhbL/54jmEt0=", "last_login": "2022-12-21T16:20:24.043Z", "is_superuser": true, "username": "admin", "first_name": "", "last_name": "", "email": "", "is_staff": true, "is_active": true, "date_joined": "2022-12-21T16:20:14.937Z", "campus": null, "part": null, "github": null, "blog": null, "level": null, "track": null, "introduce": null, "groups": [], "user_permissions": [], "skill": [], "followings": []}}, {"model": "accounts.user", "pk": 2, "fields": {"password": "1q2w3e4r!", "last_login": null, "is_superuser": false, "username": "JAY", "first_name": "", "last_name": "", "email": "", "is_staff": false, "is_active": true, "date_joined": "2022-12-21T16:29:31Z", "campus": 1, "part": 2, "github": "https://github.com/JAY-Winter", "blog": null, "level": 12, "track": 1, "introduce": "안녕하시와요", "groups": [], "user_permissions": [], "skill": [1, 3, 6], "followings": []}}, {"model": "accounts.user", "pk": 3, "fields": {"password": "1q2w3e4r!", "last_login": null, "is_superuser": false, "username": "KIM", "first_name": "", "last_name": "", "email": "", "is_staff": false, "is_active": true, "date_joined": "2022-12-21T16:57:44Z", "campus": 1, "part": 3, "github": null, "blog": null, "level": null, "track": null, "introduce": null, "groups": [], "user_permissions": [], "skill": [1, 2, 3, 5, 6], "followings": []}}, {"model": "accounts.user", "pk": 4, "fields": {"password": "pbkdf2_sha256$260000$A4gfpQF1lQWEp29Bl27eK6$yLdLZvlh9wvHK66PSymd1H6Xenq9A+JcAGP3UP3px/k=", "last_login": "2022-12-21T17:10:00Z", "is_superuser": false, "username": "ted", "first_name": "", "last_name": "", "email": "", "is_staff": false, "is_active": false, "date_joined": "2022-12-21T17:10:00Z", "campus": 1, "part": 2, "github": null, "blog": null, "level": null, "track": null, "introduce": null, "groups": [], "user_permissions": [], "skill": [1, 2, 3, 4, 5, 6], "followings": []}}, {"model": "accounts.user", "pk": 5, "fields": {"password": "pbkdf2_sha256$260000$RsaxesHWM4Xb8EDBBfjBtp$zcaJozpL4Zv7DDLkYeF3Xj5TdIi6GVVStzTms69bylY=", "last_login": "2022-12-21T17:39:51Z", "is_superuser": false, "username": "tester1", "first_name": "", "last_name": "", "email": "", "is_staff": false, "is_active": false, "date_joined": "2022-12-21T17:39:50Z", "campus": 5, "part": 1, "github": null, "blog": null, "level": null, "track": null, "introduce": null, "groups": [], "user_permissions": [], "skill": [2, 3, 4], "followings": []}}, {"model": "accounts.user", "pk": 6, "fields": {"password": "pbkdf2_sha256$260000$e3m3BSp7AzRjavDxl9Zi2q$AKmzRhTrlAqLhCCXvbNovC0SQDYUzYLy4o2frf7gkjU=", "last_login": "2022-12-21T17:43:36Z", "is_superuser": false, "username": "tester2", "first_name": "", "last_name": "", "email": "", "is_staff": false, "is_active": false, "date_joined": "2022-12-21T17:43:36Z", "campus": 5, "part": 1, "github": "https://github.com/JAY-Winter", "blog": "https://www.youtube.com/", "level": null, "track": null, "introduce": "수정 테스트입니다!", "groups": [], "user_permissions": [], "skill": [5, 6], "followings": []}}, {"model": "accounts.user", "pk": 7, "fields": {"password": "pbkdf2_sha256$260000$0zEpjWGzsqnDb9GcF3JaHr$RIDK8pTVce/xrNosp6Czwzq7ESIdWe18Q88gwMonwMU=", "last_login": "2022-12-21T18:15:30.421Z", "is_superuser": false, "username": "test3", "first_name": "", "last_name": "", "email": "", "is_staff": false, "is_active": false, "date_joined": "2022-12-21T18:15:30.346Z", "campus": 4, "part": 3, "github": "https://github.com/JAY-Winter", "blog": "https://www.youtube.com/", "level": null, "track": null, "introduce": "수정 테스트입니다!12312123", "groups": [], "user_permissions": [], "skill": [], "followings": []}}, {"model": "accounts.user", "pk": 8, "fields": {"password": "pbkdf2_sha256$260000$iP8Gi0AGXie9GhsdsAveAz$PscUtfe53WlzLyhRZ5n24grJ04o5EJEDQOxWFvk7jBY=", "last_login": "2022-12-21T18:19:12.810Z", "is_superuser": false, "username": "test4", "first_name": "", "last_name": "", "email": "", "is_staff": false, "is_active": false, "date_joined": "2022-12-21T18:19:12.732Z", "campus": 2, "part": 3, "github": "https://github.com/JAY-Winter", "blog": "https://www.youtube.com/", "level": null, "track": null, "introduce": "안녕하시리와", "groups": [], "user_permissions": [], "skill": [1, 2], "followings": []}}, {"model": "projects.campus", "pk": 1, "fields": {"title": "구미"}}, {"model": "projects.campus", "pk": 2, "fields": {"title": "광주"}}, {"model": "projects.campus", "pk": 3, "fields": {"title": "대전"}}, {"model": "projects.campus", "pk": 4, "fields": {"title": "부울경"}}, {"model": "projects.campus", "pk": 5, "fields": {"title": "서울"}}, {"model": "projects.campus", "pk": 6, "fields": {"title": "전국"}}, {"model": "projects.skillcategory", "pk": 1, "fields": {"category": "Frontend"}}, {"model": "projects.skillcategory", "pk": 2, "fields": {"category": "Backend"}}, {"model": "projects.skillcategory", "pk": 3, "fields": {"category": "UI&UX"}}, {"model": "projects.skillcategory", "pk": 4, "fields": {"category": "Devops"}}, {"model": "projects.skill", "pk": 1, "fields": {"title": "Vue", "category": 1}}, {"model": "projects.skill", "pk": 2, "fields": {"title": "React", "category": 1}}, {"model": "projects.skill", "pk": 3, "fields": {"title": "Django", "category": 2}}, {"model": "projects.skill", "pk": 4, "fields": {"title": "Spring", "category": 2}}, {"model": "projects.skill", "pk": 5, "fields": {"title": "Zeplin", "category": 3}}, {"model": "projects.skill", "pk": 6, "fields": {"title": "Git", "category": 4}}, {"model": "projects.status", "pk": 1, "fields": {"status": "마감"}}, {"model": "projects.status", "pk": 2, "fields": {"status": "모집중"}}, {"model": "projects.status", "pk": 3, "fields": {"status": "모집예정"}}, {"model": "projects.project", "pk": 1, "fields": {"status": 2, "founder": 2, "title": "팀원 모집중!", "content": "열심히 하실 분 모셔용", "campus": 2}}, {"model": "projects.project", "pk": 2, "fields": {"status": 1, "founder": 4, "title": "\"하이\"", "content": "\"테스트\"", "campus": 1}}, {"model": "projects.project", "pk": 3, "fields": {"status": 1, "founder": 4, "title": "미안해!", "content": "돈워리~", "campus": 1}}, {"model": "projects.project", "pk": 4, "fields": {"status": 1, "founder": 4, "title": "후후~~", "content": "왜곡", "campus": 1}}, {"model": "projects.participant", "pk": 1, "fields": {"project": 1, "skillcategory": 1, "manager": 3}}, {"model": "authtoken.token", "pk": "503c075d6d3b52f75509f74613af41ca351a9028", "fields": {"user": 8, "created": "2022-12-21T18:19:12.807Z"}}, {"model": "authtoken.token", "pk": "54402c7dbd7a069edfaecbf87bbbc02219791fc5", "fields": {"user": 5, "created": "2022-12-21T17:39:51.057Z"}}, {"model": "authtoken.token", "pk": "581b9e09e41165656a5f6223ad1dd2460f172c48", "fields": {"user": 7, "created": "2022-12-21T18:15:30.418Z"}}, {"model": "authtoken.token", "pk": "5cb3674007dc9d070b3c62114dfe548a5d80a61c", "fields": {"user": 4, "created": "2022-12-21T17:10:00.477Z"}}, {"model": "authtoken.token", "pk": "74b391974daebde74f17cfefc19ea0382b0ec6b6", "fields": {"user": 6, "created": "2022-12-21T17:43:36.663Z"}}, {"model": "sites.site", "pk": 1, "fields": {"domain": "example.com", "name": "example.com"}}, {"model": "admin.logentry", "pk": 1, "fields": {"action_time": "2022-12-21T16:20:39.697Z", "user": 1, "content_type": 3, "object_id": "1", "object_repr": "Campus object (1)", "action_flag": 1, "change_message": "[{\"added\": {}}]"}}, {"model": "admin.logentry", "pk": 2, "fields": {"action_time": "2022-12-21T16:20:43.424Z", "user": 1, "content_type": 3, "object_id": "2", "object_repr": "Campus object (2)", "action_flag": 1, "change_message": "[{\"added\": {}}]"}}, {"model": "admin.logentry", "pk": 3, "fields": {"action_time": "2022-12-21T16:20:47.178Z", "user": 1, "content_type": 3, "object_id": "3", "object_repr": "Campus object (3)", "action_flag": 1, "change_message": "[{\"added\": {}}]"}}, {"model": "admin.logentry", "pk": 4, "fields": {"action_time": "2022-12-21T16:20:50.890Z", "user": 1, "content_type": 3, "object_id": "4", "object_repr": "Campus object (4)", "action_flag": 1, "change_message": "[{\"added\": {}}]"}}, {"model": "admin.logentry", "pk": 5, "fields": {"action_time": "2022-12-21T16:20:52.452Z", "user": 1, "content_type": 3, "object_id": "5", "object_repr": "Campus object (5)", "action_flag": 1, "change_message": "[{\"added\": {}}]"}}, {"model": "admin.logentry", "pk": 6, "fields": {"action_time": "2022-12-21T16:28:30.819Z", "user": 1, "content_type": 4, "object_id": "1", "object_repr": "SkillCategory object (1)", "action_flag": 1, "change_message": "[{\"added\": {}}]"}}, {"model": "admin.logentry", "pk": 7, "fields": {"action_time": "2022-12-21T16:28:34.662Z", "user": 1, "content_type": 4, "object_id": "2", "object_repr": "SkillCategory object (2)", "action_flag": 1, "change_message": "[{\"added\": {}}]"}}, {"model": "admin.logentry", "pk": 8, "fields": {"action_time": "2022-12-21T16:28:37.551Z", "user": 1, "content_type": 4, "object_id": "3", "object_repr": "SkillCategory object (3)", "action_flag": 1, "change_message": "[{\"added\": {}}]"}}, {"model": "admin.logentry", "pk": 9, "fields": {"action_time": "2022-12-21T16:28:41.721Z", "user": 1, "content_type": 4, "object_id": "4", "object_repr": "SkillCategory object (4)", "action_flag": 1, "change_message": "[{\"added\": {}}]"}}, {"model": "admin.logentry", "pk": 10, "fields": {"action_time": "2022-12-21T16:28:49.482Z", "user": 1, "content_type": 6, "object_id": "1", "object_repr": "Skill object (1)", "action_flag": 1, "change_message": "[{\"added\": {}}]"}}, {"model": "admin.logentry", "pk": 11, "fields": {"action_time": "2022-12-21T16:28:54.603Z", "user": 1, "content_type": 6, "object_id": "2", "object_repr": "Skill object (2)", "action_flag": 1, "change_message": "[{\"added\": {}}]"}}, {"model": "admin.logentry", "pk": 12, "fields": {"action_time": "2022-12-21T16:28:56.750Z", "user": 1, "content_type": 6, "object_id": "2", "object_repr": "Skill object (2)", "action_flag": 2, "change_message": "[]"}}, {"model": "admin.logentry", "pk": 13, "fields": {"action_time": "2022-12-21T16:29:01.303Z", "user": 1, "content_type": 6, "object_id": "3", "object_repr": "Skill object (3)", "action_flag": 1, "change_message": "[{\"added\": {}}]"}}, {"model": "admin.logentry", "pk": 14, "fields": {"action_time": "2022-12-21T16:29:05.741Z", "user": 1, "content_type": 6, "object_id": "4", "object_repr": "Skill object (4)", "action_flag": 1, "change_message": "[{\"added\": {}}]"}}, {"model": "admin.logentry", "pk": 15, "fields": {"action_time": "2022-12-21T16:29:13.240Z", "user": 1, "content_type": 6, "object_id": "5", "object_repr": "Skill object (5)", "action_flag": 1, "change_message": "[{\"added\": {}}]"}}, {"model": "admin.logentry", "pk": 16, "fields": {"action_time": "2022-12-21T16:29:19.347Z", "user": 1, "content_type": 6, "object_id": "6", "object_repr": "Skill object (6)", "action_flag": 1, "change_message": "[{\"added\": {}}]"}}, {"model": "admin.logentry", "pk": 17, "fields": {"action_time": "2022-12-21T16:30:03.113Z", "user": 1, "content_type": 1, "object_id": "2", "object_repr": "JAY", "action_flag": 1, "change_message": "[{\"added\": {}}]"}}, {"model": "admin.logentry", "pk": 18, "fields": {"action_time": "2022-12-21T16:30:17.012Z", "user": 1, "content_type": 2, "object_id": "1", "object_repr": "Part object (1)", "action_flag": 1, "change_message": "[{\"added\": {}}]"}}, {"model": "admin.logentry", "pk": 19, "fields": {"action_time": "2022-12-21T16:30:18.964Z", "user": 1, "content_type": 2, "object_id": "2", "object_repr": "Part object (2)", "action_flag": 1, "change_message": "[{\"added\": {}}]"}}, {"model": "admin.logentry", "pk": 20, "fields": {"action_time": "2022-12-21T16:30:21.131Z", "user": 1, "content_type": 2, "object_id": "3", "object_repr": "Part object (3)", "action_flag": 1, "change_message": "[{\"added\": {}}]"}}, {"model": "admin.logentry", "pk": 21, "fields": {"action_time": "2022-12-21T16:30:23.521Z", "user": 1, "content_type": 2, "object_id": "4", "object_repr": "Part object (4)", "action_flag": 1, "change_message": "[{\"added\": {}}]"}}, {"model": "admin.logentry", "pk": 22, "fields": {"action_time": "2022-12-21T16:30:25.672Z", "user": 1, "content_type": 1, "object_id": "2", "object_repr": "JAY", "action_flag": 2, "change_message": "[{\"changed\": {\"fields\": [\"Part\"]}}]"}}, {"model": "admin.logentry", "pk": 23, "fields": {"action_time": "2022-12-21T16:30:47.830Z", "user": 1, "content_type": 5, "object_id": "1", "object_repr": "Status object (1)", "action_flag": 1, "change_message": "[{\"added\": {}}]"}}, {"model": "admin.logentry", "pk": 24, "fields": {"action_time": "2022-12-21T16:30:48.573Z", "user": 1, "content_type": 7, "object_id": "1", "object_repr": "Project object (1)", "action_flag": 1, "change_message": "[{\"added\": {}}]"}}, {"model": "admin.logentry", "pk": 25, "fields": {"action_time": "2022-12-21T16:30:54.975Z", "user": 1, "content_type": 5, "object_id": "2", "object_repr": "Status object (2)", "action_flag": 1, "change_message": "[{\"added\": {}}]"}}, {"model": "admin.logentry", "pk": 26, "fields": {"action_time": "2022-12-21T16:30:59.578Z", "user": 1, "content_type": 5, "object_id": "3", "object_repr": "Status object (3)", "action_flag": 1, "change_message": "[{\"added\": {}}]"}}, {"model": "admin.logentry", "pk": 27, "fields": {"action_time": "2022-12-21T16:31:04.520Z", "user": 1, "content_type": 7, "object_id": "1", "object_repr": "Project object (1)", "action_flag": 2, "change_message": "[{\"changed\": {\"fields\": [\"Status\"]}}]"}}, {"model": "admin.logentry", "pk": 28, "fields": {"action_time": "2022-12-21T16:58:01.482Z", "user": 1, "content_type": 1, "object_id": "3", "object_repr": "KIM", "action_flag": 1, "change_message": "[{\"added\": {}}]"}}, {"model": "admin.logentry", "pk": 29, "fields": {"action_time": "2022-12-21T16:58:02.029Z", "user": 1, "content_type": 8, "object_id": "1", "object_repr": "Participant object (1)", "action_flag": 1, "change_message": "[{\"added\": {}}]"}}, {"model": "admin.logentry", "pk": 30, "fields": {"action_time": "2022-12-21T16:58:20.564Z", "user": 1, "content_type": 1, "object_id": "3", "object_repr": "KIM", "action_flag": 2, "change_message": "[{\"changed\": {\"fields\": [\"Campus\"]}}]"}}, {"model": "admin.logentry", "pk": 31, "fields": {"action_time": "2022-12-21T16:58:21.234Z", "user": 1, "content_type": 8, "object_id": "1", "object_repr": "Participant object (1)", "action_flag": 2, "change_message": "[]"}}, {"model": "admin.logentry", "pk": 32, "fields": {"action_time": "2022-12-22T08:08:30.107Z", "user": 1, "content_type": 1, "object_id": "4", "object_repr": "ted", "action_flag": 2, "change_message": "[{\"changed\": {\"fields\": [\"Skill\"]}}]"}}, {"model": "admin.logentry", "pk": 33, "fields": {"action_time": "2022-12-22T08:13:52.881Z", "user": 1, "content_type": 1, "object_id": "5", "object_repr": "tester1", "action_flag": 2, "change_message": "[{\"changed\": {\"fields\": [\"Skill\"]}}]"}}, {"model": "admin.logentry", "pk": 34, "fields": {"action_time": "2022-12-22T08:13:59.961Z", "user": 1, "content_type": 1, "object_id": "6", "object_repr": "tester2", "action_flag": 2, "change_message": "[{\"changed\": {\"fields\": [\"Skill\"]}}]"}}, {"model": "admin.logentry", "pk": 35, "fields": {"action_time": "2022-12-22T08:34:47.418Z", "user": 1, "content_type": 3, "object_id": "6", "object_repr": "Campus object (6)", "action_flag": 1, "change_message": "[{\"added\": {}}]"}}, {"model": "admin.logentry", "pk": 36, "fields": {"action_time": "2022-12-22T16:30:14.198Z", "user": 1, "content_type": 1, "object_id": "4", "object_repr": "ted", "action_flag": 2, "change_message": "[{\"changed\": {\"fields\": [\"Campus\"]}}]"}}, {"model": "admin.logentry", "pk": 37, "fields": {"action_time": "2022-12-22T16:30:29.395Z", "user": 1, "content_type": 1, "object_id": "3", "object_repr": "KIM", "action_flag": 2, "change_message": "[{\"changed\": {\"fields\": [\"Part\"]}}]"}}, {"model": "admin.logentry", "pk": 38, "fields": {"action_time": "2022-12-22T17:05:09.252Z", "user": 1, "content_type": 23, "object_id": "1", "object_repr": "BaekJoonLevel object (1)", "action_flag": 1, "change_message": "[{\"added\": {}}]"}}, {"model": "admin.logentry", "pk": 39, "fields": {"action_time": "2022-12-22T17:05:16.617Z", "user": 1, "content_type": 23, "object_id": "2", "object_repr": "BaekJoonLevel object (2)", "action_flag": 1, "change_message": "[{\"added\": {}}]"}}, {"model": "admin.logentry", "pk": 40, "fields": {"action_time": "2022-12-22T17:05:24.927Z", "user": 1, "content_type": 23, "object_id": "3", "object_repr": "BaekJoonLevel object (3)", "action_flag": 1, "change_message": "[{\"added\": {}}]"}}, {"model": "admin.logentry", "pk": 41, "fields": {"action_time": "2022-12-22T17:05:29.207Z", "user": 1, "content_type": 23, "object_id": "4", "object_repr": "BaekJoonLevel object (4)", "action_flag": 1, "change_message": "[{\"added\": {}}]"}}, {"model": "admin.logentry", "pk": 42, "fields": {"action_time": "2022-12-22T17:05:31.291Z", "user": 1, "content_type": 23, "object_id": "5", "object_repr": "BaekJoonLevel object (5)", "action_flag": 1, "change_message": "[{\"added\": {}}]"}}, {"model": "admin.logentry", "pk": 43, "fields": {"action_time": "2022-12-22T17:05:37.499Z", "user": 1, "content_type": 23, "object_id": "6", "object_repr": "BaekJoonLevel object (6)", "action_flag": 1, "change_message": "[{\"added\": {}}]"}}, {"model": "admin.logentry", "pk": 44, "fields": {"action_time": "2022-12-22T17:05:40.604Z", "user": 1, "content_type": 23, "object_id": "7", "object_repr": "BaekJoonLevel object (7)", "action_flag": 1, "change_message": "[{\"added\": {}}]"}}, {"model": "admin.logentry", "pk": 45, "fields": {"action_time": "2022-12-22T17:05:45.657Z", "user": 1, "content_type": 23, "object_id": "8", "object_repr": "BaekJoonLevel object (8)", "action_flag": 1, "change_message": "[{\"added\": {}}]"}}, {"model": "admin.logentry", "pk": 46, "fields": {"action_time": "2022-12-22T17:05:49.402Z", "user": 1, "content_type": 23, "object_id": "9", "object_repr": "BaekJoonLevel object (9)", "action_flag": 1, "change_message": "[{\"added\": {}}]"}}, {"model": "admin.logentry", "pk": 47, "fields": {"action_time": "2022-12-22T17:05:51.027Z", "user": 1, "content_type": 23, "object_id": "10", "object_repr": "BaekJoonLevel object (10)", "action_flag": 1, "change_message": "[{\"added\": {}}]"}}, {"model": "admin.logentry", "pk": 48, "fields": {"action_time": "2022-12-22T17:05:55.263Z", "user": 1, "content_type": 23, "object_id": "11", "object_repr": "BaekJoonLevel object (11)", "action_flag": 1, "change_message": "[{\"added\": {}}]"}}, {"model": "admin.logentry", "pk": 49, "fields": {"action_time": "2022-12-22T17:05:59.007Z", "user": 1, "content_type": 23, "object_id": "12", "object_repr": "BaekJoonLevel object (12)", "action_flag": 1, "change_message": "[{\"added\": {}}]"}}, {"model": "admin.logentry", "pk": 50, "fields": {"action_time": "2022-12-22T17:06:01.625Z", "user": 1, "content_type": 23, "object_id": "13", "object_repr": "BaekJoonLevel object (13)", "action_flag": 1, "change_message": "[{\"added\": {}}]"}}, {"model": "admin.logentry", "pk": 51, "fields": {"action_time": "2022-12-22T17:06:04.680Z", "user": 1, "content_type": 23, "object_id": "14", "object_repr": "BaekJoonLevel object (14)", "action_flag": 1, "change_message": "[{\"added\": {}}]"}}, {"model": "admin.logentry", "pk": 52, "fields": {"action_time": "2022-12-22T17:06:07.581Z", "user": 1, "content_type": 23, "object_id": "15", "object_repr": "BaekJoonLevel object (15)", "action_flag": 1, "change_message": "[{\"added\": {}}]"}}, {"model": "admin.logentry", "pk": 53, "fields": {"action_time": "2022-12-22T17:06:17.688Z", "user": 1, "content_type": 23, "object_id": "16", "object_repr": "BaekJoonLevel object (16)", "action_flag": 1, "change_message": "[{\"added\": {}}]"}}, {"model": "admin.logentry", "pk": 54, "fields": {"action_time": "2022-12-22T17:06:20.114Z", "user": 1, "content_type": 23, "object_id": "17", "object_repr": "BaekJoonLevel object (17)", "action_flag": 1, "change_message": "[{\"added\": {}}]"}}, {"model": "admin.logentry", "pk": 55, "fields": {"action_time": "2022-12-22T17:06:22.061Z", "user": 1, "content_type": 23, "object_id": "18", "object_repr": "BaekJoonLevel object (18)", "action_flag": 1, "change_message": "[{\"added\": {}}]"}}, {"model": "admin.logentry", "pk": 56, "fields": {"action_time": "2022-12-22T17:06:23.890Z", "user": 1, "content_type": 23, "object_id": "19", "object_repr": "BaekJoonLevel object (19)", "action_flag": 1, "change_message": "[{\"added\": {}}]"}}, {"model": "admin.logentry", "pk": 57, "fields": {"action_time": "2022-12-22T17:06:25.383Z", "user": 1, "content_type": 23, "object_id": "20", "object_repr": "BaekJoonLevel object (20)", "action_flag": 1, "change_message": "[{\"added\": {}}]"}}, {"model": "admin.logentry", "pk": 58, "fields": {"action_time": "2022-12-22T17:06:30.245Z", "user": 1, "content_type": 23, "object_id": "21", "object_repr": "BaekJoonLevel object (21)", "action_flag": 1, "change_message": "[{\"added\": {}}]"}}, {"model": "admin.logentry", "pk": 59, "fields": {"action_time": "2022-12-22T17:06:32.755Z", "user": 1, "content_type": 23, "object_id": "22", "object_repr": "BaekJoonLevel object (22)", "action_flag": 1, "change_message": "[{\"added\": {}}]"}}, {"model": "admin.logentry", "pk": 60, "fields": {"action_time": "2022-12-22T17:06:34.911Z", "user": 1, "content_type": 23, "object_id": "23", "object_repr": "BaekJoonLevel object (23)", "action_flag": 1, "change_message": "[{\"added\": {}}]"}}, {"model": "admin.logentry", "pk": 61, "fields": {"action_time": "2022-12-22T17:06:36.480Z", "user": 1, "content_type": 23, "object_id": "24", "object_repr": "BaekJoonLevel object (24)", "action_flag": 1, "change_message": "[{\"added\": {}}]"}}, {"model": "admin.logentry", "pk": 62, "fields": {"action_time": "2022-12-22T17:06:37.904Z", "user": 1, "content_type": 23, "object_id": "25", "object_repr": "BaekJoonLevel object (25)", "action_flag": 1, "change_message": "[{\"added\": {}}]"}}, {"model": "admin.logentry", "pk": 63, "fields": {"action_time": "2022-12-22T17:06:42.772Z", "user": 1, "content_type": 23, "object_id": "26", "object_repr": "BaekJoonLevel object (26)", "action_flag": 1, "change_message": "[{\"added\": {}}]"}}, {"model": "admin.logentry", "pk": 64, "fields": {"action_time": "2022-12-22T17:06:45.401Z", "user": 1, "content_type": 23, "object_id": "27", "object_repr": "BaekJoonLevel object (27)", "action_flag": 1, "change_message": "[{\"added\": {}}]"}}, {"model": "admin.logentry", "pk": 65, "fields": {"action_time": "2022-12-22T17:06:47.249Z", "user": 1, "content_type": 23, "object_id": "28", "object_repr": "BaekJoonLevel object (28)", "action_flag": 1, "change_message": "[{\"added\": {}}]"}}, {"model": "admin.logentry", "pk": 66, "fields": {"action_time": "2022-12-22T17:06:48.897Z", "user": 1, "content_type": 23, "object_id": "29", "object_repr": "BaekJoonLevel object (29)", "action_flag": 1, "change_message": "[{\"added\": {}}]"}}, {"model": "admin.logentry", "pk": 67, "fields": {"action_time": "2022-12-22T17:06:51.243Z", "user": 1, "content_type": 23, "object_id": "30", "object_repr": "BaekJoonLevel object (30)", "action_flag": 1, "change_message": "[{\"added\": {}}]"}}, {"model": "admin.logentry", "pk": 68, "fields": {"action_time": "2022-12-22T17:06:55.042Z", "user": 1, "content_type": 23, "object_id": "31", "object_repr": "BaekJoonLevel object (31)", "action_flag": 1, "change_message": "[{\"added\": {}}]"}}, {"model": "admin.logentry", "pk": 69, "fields": {"action_time": "2022-12-22T17:07:57.970Z", "user": 1, "content_type": 24, "object_id": "1", "object_repr": "Track object (1)", "action_flag": 1, "change_message": "[{\"added\": {}}]"}}, {"model": "admin.logentry", "pk": 70, "fields": {"action_time": "2022-12-22T17:08:02.024Z", "user": 1, "content_type": 24, "object_id": "2", "object_repr": "Track object (2)", "action_flag": 1, "change_message": "[{\"added\": {}}]"}}, {"model": "admin.logentry", "pk": 71, "fields": {"action_time": "2022-12-22T17:08:05.399Z", "user": 1, "content_type": 24, "object_id": "3", "object_repr": "Track object (3)", "action_flag": 1, "change_message": "[{\"added\": {}}]"}}, {"model": "admin.logentry", "pk": 72, "fields": {"action_time": "2022-12-22T17:08:07.457Z", "user": 1, "content_type": 24, "object_id": "4", "object_repr": "Track object (4)", "action_flag": 1, "change_message": "[{\"added\": {}}]"}}, {"model": "admin.logentry", "pk": 73, "fields": {"action_time": "2022-12-22T17:08:09.536Z", "user": 1, "content_type": 24, "object_id": "5", "object_repr": "Track object (5)", "action_flag": 1, "change_message": "[{\"added\": {}}]"}}, {"model": "admin.logentry", "pk": 74, "fields": {"action_time": "2022-12-22T17:08:31.219Z", "user": 1, "content_type": 1, "object_id": "2", "object_repr": "JAY", "action_flag": 2, "change_message": "[{\"changed\": {\"fields\": [\"Level\", \"Track\"]}}]"}}, {"model": "auth.permission", "pk": 1, "fields": {"name": "Can add user", "content_type": 1, "codename": "add_user"}}, {"model": "auth.permission", "pk": 2, "fields": {"name": "Can change user", "content_type": 1, "codename": "change_user"}}, {"model": "auth.permission", "pk": 3, "fields": {"name": "Can delete user", "content_type": 1, "codename": "delete_user"}}, {"model": "auth.permission", "pk": 4, "fields": {"name": "Can view user", "content_type": 1, "codename": "view_user"}}, {"model": "auth.permission", "pk": 5, "fields": {"name": "Can add part", "content_type": 2, "codename": "add_part"}}, {"model": "auth.permission", "pk": 6, "fields": {"name": "Can change part", "content_type": 2, "codename": "change_part"}}, {"model": "auth.permission", "pk": 7, "fields": {"name": "Can delete part", "content_type": 2, "codename": "delete_part"}}, {"model": "auth.permission", "pk": 8, "fields": {"name": "Can view part", "content_type": 2, "codename": "view_part"}}, {"model": "auth.permission", "pk": 9, "fields": {"name": "Can add campus", "content_type": 3, "codename": "add_campus"}}, {"model": "auth.permission", "pk": 10, "fields": {"name": "Can change campus", "content_type": 3, "codename": "change_campus"}}, {"model": "auth.permission", "pk": 11, "fields": {"name": "Can delete campus", "content_type": 3, "codename": "delete_campus"}}, {"model": "auth.permission", "pk": 12, "fields": {"name": "Can view campus", "content_type": 3, "codename": "view_campus"}}, {"model": "auth.permission", "pk": 13, "fields": {"name": "Can add skill category", "content_type": 4, "codename": "add_skillcategory"}}, {"model": "auth.permission", "pk": 14, "fields": {"name": "Can change skill category", "content_type": 4, "codename": "change_skillcategory"}}, {"model": "auth.permission", "pk": 15, "fields": {"name": "Can delete skill category", "content_type": 4, "codename": "delete_skillcategory"}}, {"model": "auth.permission", "pk": 16, "fields": {"name": "Can view skill category", "content_type": 4, "codename": "view_skillcategory"}}, {"model": "auth.permission", "pk": 17, "fields": {"name": "Can add status", "content_type": 5, "codename": "add_status"}}, {"model": "auth.permission", "pk": 18, "fields": {"name": "Can change status", "content_type": 5, "codename": "change_status"}}, {"model": "auth.permission", "pk": 19, "fields": {"name": "Can delete status", "content_type": 5, "codename": "delete_status"}}, {"model": "auth.permission", "pk": 20, "fields": {"name": "Can view status", "content_type": 5, "codename": "view_status"}}, {"model": "auth.permission", "pk": 21, "fields": {"name": "Can add skill", "content_type": 6, "codename": "add_skill"}}, {"model": "auth.permission", "pk": 22, "fields": {"name": "Can change skill", "content_type": 6, "codename": "change_skill"}}, {"model": "auth.permission", "pk": 23, "fields": {"name": "Can delete skill", "content_type": 6, "codename": "delete_skill"}}, {"model": "auth.permission", "pk": 24, "fields": {"name": "Can view skill", "content_type": 6, "codename": "view_skill"}}, {"model": "auth.permission", "pk": 25, "fields": {"name": "Can add project", "content_type": 7, "codename": "add_project"}}, {"model": "auth.permission", "pk": 26, "fields": {"name": "Can change project", "content_type": 7, "codename": "change_project"}}, {"model": "auth.permission", "pk": 27, "fields": {"name": "Can delete project", "content_type": 7, "codename": "delete_project"}}, {"model": "auth.permission", "pk": 28, "fields": {"name": "Can view project", "content_type": 7, "codename": "view_project"}}, {"model": "auth.permission", "pk": 29, "fields": {"name": "Can add participant", "content_type": 8, "codename": "add_participant"}}, {"model": "auth.permission", "pk": 30, "fields": {"name": "Can change participant", "content_type": 8, "codename": "change_participant"}}, {"model": "auth.permission", "pk": 31, "fields": {"name": "Can delete participant", "content_type": 8, "codename": "delete_participant"}}, {"model": "auth.permission", "pk": 32, "fields": {"name": "Can view participant", "content_type": 8, "codename": "view_participant"}}, {"model": "auth.permission", "pk": 33, "fields": {"name": "Can add applicant", "content_type": 9, "codename": "add_applicant"}}, {"model": "auth.permission", "pk": 34, "fields": {"name": "Can change applicant", "content_type": 9, "codename": "change_applicant"}}, {"model": "auth.permission", "pk": 35, "fields": {"name": "Can delete applicant", "content_type": 9, "codename": "delete_applicant"}}, {"model": "auth.permission", "pk": 36, "fields": {"name": "Can view applicant", "content_type": 9, "codename": "view_applicant"}}, {"model": "auth.permission", "pk": 37, "fields": {"name": "Can add Token", "content_type": 10, "codename": "add_token"}}, {"model": "auth.permission", "pk": 38, "fields": {"name": "Can change Token", "content_type": 10, "codename": "change_token"}}, {"model": "auth.permission", "pk": 39, "fields": {"name": "Can delete Token", "content_type": 10, "codename": "delete_token"}}, {"model": "auth.permission", "pk": 40, "fields": {"name": "Can view Token", "content_type": 10, "codename": "view_token"}}, {"model": "auth.permission", "pk": 41, "fields": {"name": "Can add token", "content_type": 11, "codename": "add_tokenproxy"}}, {"model": "auth.permission", "pk": 42, "fields": {"name": "Can change token", "content_type": 11, "codename": "change_tokenproxy"}}, {"model": "auth.permission", "pk": 43, "fields": {"name": "Can delete token", "content_type": 11, "codename": "delete_tokenproxy"}}, {"model": "auth.permission", "pk": 44, "fields": {"name": "Can view token", "content_type": 11, "codename": "view_tokenproxy"}}, {"model": "auth.permission", "pk": 45, "fields": {"name": "Can add site", "content_type": 12, "codename": "add_site"}}, {"model": "auth.permission", "pk": 46, "fields": {"name": "Can change site", "content_type": 12, "codename": "change_site"}}, {"model": "auth.permission", "pk": 47, "fields": {"name": "Can delete site", "content_type": 12, "codename": "delete_site"}}, {"model": "auth.permission", "pk": 48, "fields": {"name": "Can view site", "content_type": 12, "codename": "view_site"}}, {"model": "auth.permission", "pk": 49, "fields": {"name": "Can add email address", "content_type": 13, "codename": "add_emailaddress"}}, {"model": "auth.permission", "pk": 50, "fields": {"name": "Can change email address", "content_type": 13, "codename": "change_emailaddress"}}, {"model": "auth.permission", "pk": 51, "fields": {"name": "Can delete email address", "content_type": 13, "codename": "delete_emailaddress"}}, {"model": "auth.permission", "pk": 52, "fields": {"name": "Can view email address", "content_type": 13, "codename": "view_emailaddress"}}, {"model": "auth.permission", "pk": 53, "fields": {"name": "Can add email confirmation", "content_type": 14, "codename": "add_emailconfirmation"}}, {"model": "auth.permission", "pk": 54, "fields": {"name": "Can change email confirmation", "content_type": 14, "codename": "change_emailconfirmation"}}, {"model": "auth.permission", "pk": 55, "fields": {"name": "Can delete email confirmation", "content_type": 14, "codename": "delete_emailconfirmation"}}, {"model": "auth.permission", "pk": 56, "fields": {"name": "Can view email confirmation", "content_type": 14, "codename": "view_emailconfirmation"}}, {"model": "auth.permission", "pk": 57, "fields": {"name": "Can add social account", "content_type": 15, "codename": "add_socialaccount"}}, {"model": "auth.permission", "pk": 58, "fields": {"name": "Can change social account", "content_type": 15, "codename": "change_socialaccount"}}, {"model": "auth.permission", "pk": 59, "fields": {"name": "Can delete social account", "content_type": 15, "codename": "delete_socialaccount"}}, {"model": "auth.permission", "pk": 60, "fields": {"name": "Can view social account", "content_type": 15, "codename": "view_socialaccount"}}, {"model": "auth.permission", "pk": 61, "fields": {"name": "Can add social application", "content_type": 16, "codename": "add_socialapp"}}, {"model": "auth.permission", "pk": 62, "fields": {"name": "Can change social application", "content_type": 16, "codename": "change_socialapp"}}, {"model": "auth.permission", "pk": 63, "fields": {"name": "Can delete social application", "content_type": 16, "codename": "delete_socialapp"}}, {"model": "auth.permission", "pk": 64, "fields": {"name": "Can view social application", "content_type": 16, "codename": "view_socialapp"}}, {"model": "auth.permission", "pk": 65, "fields": {"name": "Can add social application token", "content_type": 17, "codename": "add_socialtoken"}}, {"model": "auth.permission", "pk": 66, "fields": {"name": "Can change social application token", "content_type": 17, "codename": "change_socialtoken"}}, {"model": "auth.permission", "pk": 67, "fields": {"name": "Can delete social application token", "content_type": 17, "codename": "delete_socialtoken"}}, {"model": "auth.permission", "pk": 68, "fields": {"name": "Can view social application token", "content_type": 17, "codename": "view_socialtoken"}}, {"model": "auth.permission", "pk": 69, "fields": {"name": "Can add log entry", "content_type": 18, "codename": "add_logentry"}}, {"model": "auth.permission", "pk": 70, "fields": {"name": "Can change log entry", "content_type": 18, "codename": "change_logentry"}}, {"model": "auth.permission", "pk": 71, "fields": {"name": "Can delete log entry", "content_type": 18, "codename": "delete_logentry"}}, {"model": "auth.permission", "pk": 72, "fields": {"name": "Can view log entry", "content_type": 18, "codename": "view_logentry"}}, {"model": "auth.permission", "pk": 73, "fields": {"name": "Can add permission", "content_type": 19, "codename": "add_permission"}}, {"model": "auth.permission", "pk": 74, "fields": {"name": "Can change permission", "content_type": 19, "codename": "change_permission"}}, {"model": "auth.permission", "pk": 75, "fields": {"name": "Can delete permission", "content_type": 19, "codename": "delete_permission"}}, {"model": "auth.permission", "pk": 76, "fields": {"name": "Can view permission", "content_type": 19, "codename": "view_permission"}}, {"model": "auth.permission", "pk": 77, "fields": {"name": "Can add group", "content_type": 20, "codename": "add_group"}}, {"model": "auth.permission", "pk": 78, "fields": {"name": "Can change group", "content_type": 20, "codename": "change_group"}}, {"model": "auth.permission", "pk": 79, "fields": {"name": "Can delete group", "content_type": 20, "codename": "delete_group"}}, {"model": "auth.permission", "pk": 80, "fields": {"name": "Can view group", "content_type": 20, "codename": "view_group"}}, {"model": "auth.permission", "pk": 81, "fields": {"name": "Can add content type", "content_type": 21, "codename": "add_contenttype"}}, {"model": "auth.permission", "pk": 82, "fields": {"name": "Can change content type", "content_type": 21, "codename": "change_contenttype"}}, {"model": "auth.permission", "pk": 83, "fields": {"name": "Can delete content type", "content_type": 21, "codename": "delete_contenttype"}}, {"model": "auth.permission", "pk": 84, "fields": {"name": "Can view content type", "content_type": 21, "codename": "view_contenttype"}}, {"model": "auth.permission", "pk": 85, "fields": {"name": "Can add session", "content_type": 22, "codename": "add_session"}}, {"model": "auth.permission", "pk": 86, "fields": {"name": "Can change session", "content_type": 22, "codename": "change_session"}}, {"model": "auth.permission", "pk": 87, "fields": {"name": "Can delete session", "content_type": 22, "codename": "delete_session"}}, {"model": "auth.permission", "pk": 88, "fields": {"name": "Can view session", "content_type": 22, "codename": "view_session"}}, {"model": "auth.permission", "pk": 89, "fields": {"name": "Can add baek joon level", "content_type": 23, "codename": "add_baekjoonlevel"}}, {"model": "auth.permission", "pk": 90, "fields": {"name": "Can change baek joon level", "content_type": 23, "codename": "change_baekjoonlevel"}}, {"model": "auth.permission", "pk": 91, "fields": {"name": "Can delete baek joon level", "content_type": 23, "codename": "delete_baekjoonlevel"}}, {"model": "auth.permission", "pk": 92, "fields": {"name": "Can view baek joon level", "content_type": 23, "codename": "view_baekjoonlevel"}}, {"model": "auth.permission", "pk": 93, "fields": {"name": "Can add track", "content_type": 24, "codename": "add_track"}}, {"model": "auth.permission", "pk": 94, "fields": {"name": "Can change track", "content_type": 24, "codename": "change_track"}}, {"model": "auth.permission", "pk": 95, "fields": {"name": "Can delete track", "content_type": 24, "codename": "delete_track"}}, {"model": "auth.permission", "pk": 96, "fields": {"name": "Can view track", "content_type": 24, "codename": "view_track"}}, {"model": "contenttypes.contenttype", "pk": 1, "fields": {"app_label": "accounts", "model": "user"}}, {"model": "contenttypes.contenttype", "pk": 2, "fields": {"app_label": "accounts", "model": "part"}}, {"model": "contenttypes.contenttype", "pk": 3, "fields": {"app_label": "projects", "model": "campus"}}, {"model": "contenttypes.contenttype", "pk": 4, "fields": {"app_label": "projects", "model": "skillcategory"}}, {"model": "contenttypes.contenttype", "pk": 5, "fields": {"app_label": "projects", "model": "status"}}, {"model": "contenttypes.contenttype", "pk": 6, "fields": {"app_label": "projects", "model": "skill"}}, {"model": "contenttypes.contenttype", "pk": 7, "fields": {"app_label": "projects", "model": "project"}}, {"model": "contenttypes.contenttype", "pk": 8, "fields": {"app_label": "projects", "model": "participant"}}, {"model": "contenttypes.contenttype", "pk": 9, "fields": {"app_label": "projects", "model": "applicant"}}, {"model": "contenttypes.contenttype", "pk": 10, "fields": {"app_label": "authtoken", "model": "token"}}, {"model": "contenttypes.contenttype", "pk": 11, "fields": {"app_label": "authtoken", "model": "tokenproxy"}}, {"model": "contenttypes.contenttype", "pk": 12, "fields": {"app_label": "sites", "model": "site"}}, {"model": "contenttypes.contenttype", "pk": 13, "fields": {"app_label": "account", "model": "emailaddress"}}, {"model": "contenttypes.contenttype", "pk": 14, "fields": {"app_label": "account", "model": "emailconfirmation"}}, {"model": "contenttypes.contenttype", "pk": 15, "fields": {"app_label": "socialaccount", "model": "socialaccount"}}, {"model": "contenttypes.contenttype", "pk": 16, "fields": {"app_label": "socialaccount", "model": "socialapp"}}, {"model": "contenttypes.contenttype", "pk": 17, "fields": {"app_label": "socialaccount", "model": "socialtoken"}}, {"model": "contenttypes.contenttype", "pk": 18, "fields": {"app_label": "admin", "model": "logentry"}}, {"model": "contenttypes.contenttype", "pk": 19, "fields": {"app_label": "auth", "model": "permission"}}, {"model": "contenttypes.contenttype", "pk": 20, "fields": {"app_label": "auth", "model": "group"}}, {"model": "contenttypes.contenttype", "pk": 21, "fields": {"app_label": "contenttypes", "model": "contenttype"}}, {"model": "contenttypes.contenttype", "pk": 22, "fields": {"app_label": "sessions", "model": "session"}}, {"model": "contenttypes.contenttype", "pk": 23, "fields": {"app_label": "accounts", "model": "baekjoonlevel"}}, {"model": "contenttypes.contenttype", "pk": 24, "fields": {"app_label": "accounts", "model": "track"}}, {"model": "sessions.session", "pk": "b9s8uayw0gmj92hgfdbme44ex0cdi93o", "fields": {"session_data": ".eJxVjMsOgjAUBf-la9PQB9i6dM83kPsU1JSEwsr470rCQrdnZs7LDLCt47BVWYaJzcU4c_rdEOghZQd8h3KbLc1lXSa0u2IPWm0_szyvh_t3MEIdv3XXsQMhOXsFRZ8iakvEDmMQZWxQ2GfAhlJW0VYxhQCuCTm62CXvzfsDLkY5Fg:1p81pQ:pGoufBc4g0qGcd2YCIxn7Y_nLQjZZselW93MpFNuhyY", "expire_date": "2023-01-04T16:20:24.044Z"}}, {"model": "sessions.session", "pk": "d7agbv8hxfjthqop7oq14jerqb1ysdmc", "fields": {"session_data": ".eJxljMEOwiAQBf-Fc9MUpAV69O43kGUXLIqQtMWL8d-1pjExXmfmvQcDxFLzau9-jiF6sv4GMbEx15Sar62Ln9nIFGuYhbpOH2Aj_TMHePV5E3SBfC4tlrzO0bVb0u52aU-FfDru7c_BBMv0XndBG62wx96Tlp3jgK7HQWnlgghAwjuhBZqDcgeSIM2gBik418RDACPY8wWNXkms:1p83co:zfrpqh1TxnUMgkNbUxCvKVGaNdKdStWhDkdC5_BOhYw", "expire_date": "2023-01-04T18:15:30.428Z"}}, {"model": "sessions.session", "pk": "m7a4b4eex3esggcequ0e008tiofgsdiu", "fields": {"session_data": ".eJxljEEOwiAQRe_CuiG0AaZ16d4zkGEYLIo0aYsb4921pjExbt97_z8EEk21rO7Oc4qJg-MbpiwOpebcfG1deBYHoUUjHNZ1_ACXwj_zSFcumwgXLOdJ0lTWOXm5JXK3izxNgfNxb38ORlzG99r0nnRnfUAg7lm3DERoI5HRvgdQhnoawMagY4uWB-qUClGZFqEDAPF8AaGdSgY:1p82bQ:QNv97Bv8siVVkMvy3cMsXU_0hrRC_cmvLClyYMMlCkI", "expire_date": "2023-01-04T17:10:00.485Z"}}, {"model": "sessions.session", "pk": "si7246azn9c2wgy0wvttpvbjj480lc7y", "fields": {"session_data": ".eJxljMsOwiAUBf-FdUN4VApduvcbCFwuFkVI2uLG-O9a05gYtzNzzoM4gNrKau84p5gwWLy5lMlYWs7d17YFZzISRTpiXVunD7Ap_DPv4IplE-HiyrlSqGWdk6dbQne70FMNmI97-3MwuWXa1popiUoohdBDZAeOWkVpJOfRGBDCaM00Exg89DgMBjmGt0OpxcB8T54vZkVI8A:1p837w:kprua-DBBfBvzeqWODY00BQICl_iEox40VEFBTPoP1Q", "expire_date": "2023-01-04T17:43:36.672Z"}}, {"model": "sessions.session", "pk": "xg4192m6mgbc4nta2usilgx9esn90ld6", "fields": {"session_data": ".eJxljMEOgyAQBf-FsyEIKuix934DWZa10lJIVHpp-u_VxjRpep2Z954MEHNJq33QHMZA3tIdQmRDKjFWX1sWmtnADKuYhbJOH2CD_2cO8EZpF_4K6ZI55rTOwfE94Ydd-Dl7iqej_TmYYJm2NY2mb5ToFHmpJZHqyAjtDDjjlehV02MLumnBCKxrBOdGsXmlQaJstWKvN3ebSTY:1p83gO:uscBL8RJCjMlQN6pb5F54LI8v3wXDbE-46TxrccwUDM", "expire_date": "2023-01-04T18:19:12.817Z"}}, {"model": "sessions.session", "pk": "yv2qz7v3cjz5nbu8bkt36vej6ymlohpd", "fields": {"session_data": ".eJxljEEOwiAURO_CumkKSKEu3XsG8uF_LIqQtMWN8e62pjExLmfem3ky8L7UvNgHTTFEQkt3iIkdc02p-dI608SOTLGGWajL-ClsxP_Ogb9R3gBeIV9K60tepujaTWl3OrfngpROu_tzMMI8ruuD1gGpM6iE0Yo77aVZo-SD6AYlpeo75DL0CJpU4IFEAOyNIA3CKSD2egNcWElF:1p834J:W-Pr23OQDRmqkrRYtn5rbjpK365ruMGM8Dz3hvmBLOA", "expire_date": "2023-01-04T17:39:51.062Z"}}]