[{"model": "accounts.user", "pk": 1, "fields": {"password": "pbkdf2_sha256$260000$jnMOAuI3qRlc9wPXqIQGmQ$KTrrGnbBeMmeipBV5M3g+yYTMrftgUe3/KkMZkYlAdc=", "last_login": "2022-12-28T06:52:33.815Z", "is_superuser": true, "username": "sseker_admin", "first_name": "", "last_name": "", "email": "", "is_staff": true, "is_active": true, "date_joined": "2022-12-23T15:11:00Z", "name": "test", "campus": null, "part": 0, "github": null, "blog": null, "level": null, "track": null, "introduce": null, "groups": [], "user_permissions": [], "skill": [], "language": []}}, {"model": "accounts.user", "pk": 2, "fields": {"password": "1q2w3e4r!", "last_login": null, "is_superuser": false, "username": "jay", "first_name": "", "last_name": "", "email": "rubat0@naver.com", "is_staff": false, "is_active": true, "date_joined": "2022-12-23T15:18:04Z", "name": "test", "campus": 3, "part": 1, "github": "https://github.com/JAY-Winter", "blog": "https://www.naver.com/", "level": 5, "track": 2, "introduce": "serializer test !", "groups": [], "user_permissions": [], "skill": [1, 2, 3, 4, 5, 6, 7, 8, 9, 10, 11, 12, 13, 14, 15, 16, 17, 18, 19, 20], "language": [2]}}, {"model": "accounts.user", "pk": 3, "fields": {"password": "1q2w3e4r!", "last_login": null, "is_superuser": false, "username": "ted", "first_name": "", "last_name": "", "email": "", "is_staff": false, "is_active": true, "date_joined": "2022-12-25T14:33:38Z", "name": "test", "campus": 5, "part": 6, "github": null, "blog": null, "level": 2, "track": 3, "introduce": null, "groups": [], "user_permissions": [], "skill": [20], "language": [2]}}, {"model": "accounts.user", "pk": 4, "fields": {"password": "1q2w3e4r!", "last_login": null, "is_superuser": false, "username": "test1", "first_name": "", "last_name": "", "email": "", "is_staff": false, "is_active": true, "date_joined": "2022-12-29T01:41:07Z", "name": "test", "campus": null, "part": 0, "github": null, "blog": null, "level": null, "track": null, "introduce": null, "groups": [], "user_permissions": [], "skill": [], "language": []}}, {"model": "accounts.user", "pk": 5, "fields": {"password": "1q2w3e4r!", "last_login": null, "is_superuser": false, "username": "test2", "first_name": "", "last_name": "", "email": "", "is_staff": false, "is_active": true, "date_joined": "2022-12-29T01:41:18Z", "name": "test", "campus": null, "part": 0, "github": null, "blog": null, "level": null, "track": null, "introduce": null, "groups": [], "user_permissions": [], "skill": [], "language": []}}, {"model": "accounts.user", "pk": 6, "fields": {"password": "1q2w3e4r!", "last_login": null, "is_superuser": false, "username": "test5", "first_name": "", "last_name": "", "email": "", "is_staff": false, "is_active": true, "date_joined": "2022-12-29T01:41:23Z", "name": "test", "campus": null, "part": 0, "github": null, "blog": null, "level": null, "track": null, "introduce": null, "groups": [], "user_permissions": [], "skill": [], "language": []}}, {"model": "accounts.user", "pk": 7, "fields": {"password": "1q2w3e4r!", "last_login": null, "is_superuser": false, "username": "test3", "first_name": "", "last_name": "", "email": "", "is_staff": false, "is_active": true, "date_joined": "2022-12-29T01:41:29Z", "name": "test", "campus": null, "part": 0, "github": null, "blog": null, "level": null, "track": null, "introduce": null, "groups": [], "user_permissions": [], "skill": [], "language": []}}, {"model": "accounts.user", "pk": 8, "fields": {"password": "1q2w3e4r!", "last_login": null, "is_superuser": false, "username": "test4", "first_name": "", "last_name": "", "email": "", "is_staff": false, "is_active": true, "date_joined": "2022-12-29T01:41:35Z", "name": "test", "campus": null, "part": 0, "github": null, "blog": null, "level": null, "track": null, "introduce": null, "groups": [], "user_permissions": [], "skill": [], "language": []}}, {"model": "accounts.user", "pk": 9, "fields": {"password": "1q2w3e4r!", "last_login": null, "is_superuser": false, "username": "test6", "first_name": "", "last_name": "", "email": "", "is_staff": false, "is_active": true, "date_joined": "2022-12-29T01:41:40Z", "name": "test", "campus": null, "part": 0, "github": null, "blog": null, "level": null, "track": null, "introduce": null, "groups": [], "user_permissions": [], "skill": [6], "language": []}}, {"model": "accounts.user", "pk": 10, "fields": {"password": "1q2w3e4r!", "last_login": null, "is_superuser": false, "username": "test7", "first_name": "", "last_name": "", "email": "", "is_staff": false, "is_active": true, "date_joined": "2022-12-29T01:41:47Z", "name": "test", "campus": null, "part": 0, "github": null, "blog": null, "level": null, "track": null, "introduce": null, "groups": [], "user_permissions": [], "skill": [], "language": []}}, {"model": "accounts.user", "pk": 11, "fields": {"password": "1q2w3e4r!", "last_login": null, "is_superuser": false, "username": "test8", "first_name": "", "last_name": "", "email": "", "is_staff": false, "is_active": true, "date_joined": "2022-12-29T01:41:53Z", "name": "test", "campus": null, "part": 0, "github": null, "blog": null, "level": null, "track": null, "introduce": null, "groups": [], "user_permissions": [], "skill": [], "language": []}}, {"model": "accounts.user", "pk": 12, "fields": {"password": "1q2w3e4r!", "last_login": null, "is_superuser": false, "username": "test9", "first_name": "", "last_name": "", "email": "", "is_staff": false, "is_active": true, "date_joined": "2022-12-29T01:41:59Z", "name": "test", "campus": null, "part": 0, "github": null, "blog": null, "level": null, "track": null, "introduce": null, "groups": [], "user_permissions": [], "skill": [], "language": []}}, {"model": "accounts.user", "pk": 13, "fields": {"password": "1q2w3e4r!", "last_login": null, "is_superuser": false, "username": "test10", "first_name": "", "last_name": "", "email": "", "is_staff": false, "is_active": true, "date_joined": "2022-12-29T01:42:04Z", "name": "test", "campus": null, "part": 2, "github": null, "blog": null, "level": null, "track": null, "introduce": null, "groups": [], "user_permissions": [], "skill": [], "language": []}}, {"model": "projects.status", "pk": 1, "fields": {"status": "마감"}}, {"model": "projects.status", "pk": 2, "fields": {"status": "진행중"}}, {"model": "projects.status", "pk": 3, "fields": {"status": "진행예정"}}, {"model": "projects.project", "pk": 1, "fields": {"status": 2, "founder": 2, "campus": 6, "part": 1, "title": "테스트1", "content": "테스트1", "fixed_count": 6, "skill": [1, 2, 3, 4]}}, {"model": "projects.project", "pk": 2, "fields": {"status": 3, "founder": 3, "campus": 2, "part": 2, "title": "test2", "content": "test2", "fixed_count": 1, "skill": [1, 2]}}, {"model": "projects.project", "pk": 3, "fields": {"status": 1, "founder": 7, "campus": 4, "part": 5, "title": "test3", "content": "test3", "fixed_count": 1, "skill": [6]}}, {"model": "projects.project", "pk": 4, "fields": {"status": 1, "founder": 6, "campus": 1, "part": 6, "title": "test4", "content": "test4", "fixed_count": 5, "skill": [9]}}, {"model": "projects.participant", "pk": 1, "fields": {"project": 4, "skillcategory": 3, "manager": 9}}, {"model": "projects.participant", "pk": 2, "fields": {"project": 1, "skillcategory": 4, "manager": 8}}, {"model": "projects.participant", "pk": 3, "fields": {"project": 1, "skillcategory": 1, "manager": 6}}, {"model": "objects.campus", "pk": 1, "fields": {"title": "구미", "partcount": 2}}, {"model": "objects.campus", "pk": 2, "fields": {"title": "광주", "partcount": 2}}, {"model": "objects.campus", "pk": 3, "fields": {"title": "대전", "partcount": 3}}, {"model": "objects.campus", "pk": 4, "fields": {"title": "부울경", "partcount": 2}}, {"model": "objects.campus", "pk": 5, "fields": {"title": "서울", "partcount": 8}}, {"model": "objects.campus", "pk": 6, "fields": {"title": "전국", "partcount": 0}}, {"model": "objects.baekjoonlevel", "pk": 1, "fields": {"level": "Bronze V", "color": "#a94e00"}}, {"model": "objects.baekjoonlevel", "pk": 2, "fields": {"level": "Bronze IV", "color": "#a94e00"}}, {"model": "objects.baekjoonlevel", "pk": 3, "fields": {"level": "Bronze III", "color": "#a94e00"}}, {"model": "objects.baekjoonlevel", "pk": 4, "fields": {"level": "Bronze II", "color": "#a94e00"}}, {"model": "objects.baekjoonlevel", "pk": 5, "fields": {"level": "Bronze I", "color": "#a94e00"}}, {"model": "objects.baekjoonlevel", "pk": 6, "fields": {"level": "Silver V", "color": "#365471"}}, {"model": "objects.baekjoonlevel", "pk": 7, "fields": {"level": "Silver IV", "color": "#365471"}}, {"model": "objects.baekjoonlevel", "pk": 8, "fields": {"level": "Silver III", "color": "#365471"}}, {"model": "objects.baekjoonlevel", "pk": 9, "fields": {"level": "Silver II", "color": "#365471"}}, {"model": "objects.baekjoonlevel", "pk": 10, "fields": {"level": "Silver I", "color": "#365471"}}, {"model": "objects.baekjoonlevel", "pk": 11, "fields": {"level": "Gold V", "color": "#f4c46a"}}, {"model": "objects.baekjoonlevel", "pk": 12, "fields": {"level": "Gold IV", "color": "#f4c46a"}}, {"model": "objects.baekjoonlevel", "pk": 13, "fields": {"level": "Gold III", "color": "#f4c46a"}}, {"model": "objects.baekjoonlevel", "pk": 14, "fields": {"level": "Gold II", "color": "#f4c46a"}}, {"model": "objects.baekjoonlevel", "pk": 15, "fields": {"level": "Gold I", "color": "#f4c46a"}}, {"model": "objects.baekjoonlevel", "pk": 16, "fields": {"level": "Platinum V", "color": "#22e1a2"}}, {"model": "objects.baekjoonlevel", "pk": 17, "fields": {"level": "Platinum IV", "color": "#22e1a2"}}, {"model": "objects.baekjoonlevel", "pk": 18, "fields": {"level": "Platinum III", "color": "#22e1a2"}}, {"model": "objects.baekjoonlevel", "pk": 19, "fields": {"level": "Platinum II", "color": "#22e1a2"}}, {"model": "objects.baekjoonlevel", "pk": 20, "fields": {"level": "Platinum I", "color": "#22e1a2"}}, {"model": "objects.baekjoonlevel", "pk": 21, "fields": {"level": "Diamond V", "color": "#05b6fc"}}, {"model": "objects.baekjoonlevel", "pk": 22, "fields": {"level": "Diamond IV", "color": "#05b6fc"}}, {"model": "objects.baekjoonlevel", "pk": 23, "fields": {"level": "Diamond III", "color": "#05b6fc"}}, {"model": "objects.baekjoonlevel", "pk": 24, "fields": {"level": "Diamond II", "color": "#05b6fc"}}, {"model": "objects.baekjoonlevel", "pk": 25, "fields": {"level": "Diamond I", "color": "#05b6fc"}}, {"model": "objects.baekjoonlevel", "pk": 26, "fields": {"level": "Ruby V", "color": "#ff0766"}}, {"model": "objects.baekjoonlevel", "pk": 27, "fields": {"level": "Ruby IV", "color": "#ff0766"}}, {"model": "objects.baekjoonlevel", "pk": 28, "fields": {"level": "Ruby III", "color": "#ff0766"}}, {"model": "objects.baekjoonlevel", "pk": 29, "fields": {"level": "Ruby II", "color": "#ff0766"}}, {"model": "objects.baekjoonlevel", "pk": 30, "fields": {"level": "Ruby I", "color": "#ff0766"}}, {"model": "objects.baekjoonlevel", "pk": 31, "fields": {"level": "Master", "color": "#222222"}}, {"model": "objects.baekjoonlevel", "pk": 32, "fields": {"level": "Unrated", "color": "#222222"}}, {"model": "objects.skillcategory", "pk": 1, "fields": {"category": "Frontend"}}, {"model": "objects.skillcategory", "pk": 2, "fields": {"category": "Backend"}}, {"model": "objects.skillcategory", "pk": 3, "fields": {"category": "UI&UX"}}, {"model": "objects.skillcategory", "pk": 4, "fields": {"category": "Devops"}}, {"model": "objects.skill", "pk": 1, "fields": {"title": "vuejs", "category": 1}}, {"model": "objects.skill", "pk": 2, "fields": {"title": "react", "category": 1}}, {"model": "objects.skill", "pk": 3, "fields": {"title": "angular", "category": 1}}, {"model": "objects.skill", "pk": 4, "fields": {"title": "svelte", "category": 1}}, {"model": "objects.skill", "pk": 5, "fields": {"title": "reactnative", "category": 1}}, {"model": "objects.skill", "pk": 6, "fields": {"title": "flutter", "category": 1}}, {"model": "objects.skill", "pk": 7, "fields": {"title": "android", "category": 1}}, {"model": "objects.skill", "pk": 8, "fields": {"title": "django", "category": 2}}, {"model": "objects.skill", "pk": 9, "fields": {"title": "spring", "category": 2}}, {"model": "objects.skill", "pk": 10, "fields": {"title": "express", "category": 2}}, {"model": "objects.skill", "pk": 11, "fields": {"title": "fastapi", "category": 2}}, {"model": "objects.skill", "pk": 12, "fields": {"title": "flask", "category": 2}}, {"model": "objects.skill", "pk": 13, "fields": {"title": "figma", "category": 3}}, {"model": "objects.skill", "pk": 14, "fields": {"title": "XD", "category": 3}}, {"model": "objects.skill", "pk": 15, "fields": {"title": "oven", "category": 3}}, {"model": "objects.skill", "pk": 16, "fields": {"title": "Git", "category": 4}}, {"model": "objects.skill", "pk": 17, "fields": {"title": "docker", "category": 4}}, {"model": "objects.skill", "pk": 18, "fields": {"title": "linux", "category": 4}}, {"model": "objects.skill", "pk": 19, "fields": {"title": "k8s", "category": 4}}, {"model": "objects.skill", "pk": 20, "fields": {"title": "zeplin", "category": 3}}, {"model": "objects.language", "pk": 1, "fields": {"title": "C"}}, {"model": "objects.language", "pk": 2, "fields": {"title": "C++"}}, {"model": "objects.language", "pk": 3, "fields": {"title": "Python"}}, {"model": "objects.language", "pk": 4, "fields": {"title": "JavaScript"}}, {"model": "objects.language", "pk": 5, "fields": {"title": "TypeScript"}}, {"model": "objects.language", "pk": 6, "fields": {"title": "Java"}}, {"model": "objects.language", "pk": 7, "fields": {"title": "Kotlin"}}, {"model": "objects.language", "pk": 8, "fields": {"title": "Swift"}}, {"model": "objects.language", "pk": 9, "fields": {"title": "Dart"}}, {"model": "objects.language", "pk": 10, "fields": {"title": "Go"}}, {"model": "objects.language", "pk": 11, "fields": {"title": "Rust"}}, {"model": "objects.language", "pk": 12, "fields": {"title": "SQL"}}, {"model": "objects.track", "pk": 1, "fields": {"track": "파이썬"}}, {"model": "objects.track", "pk": 2, "fields": {"track": "자바(비전공)"}}, {"model": "objects.track", "pk": 3, "fields": {"track": "자바(전공)"}}, {"model": "objects.track", "pk": 4, "fields": {"track": "임베디드"}}, {"model": "objects.track", "pk": 5, "fields": {"track": "모바일"}}, {"model": "authtoken.token", "pk": "587b4afa8198a2ad4208be0599a614a3d82c7a3f", "fields": {"user": 2, "created": "2022-12-23T15:45:30.278Z"}}, {"model": "sites.site", "pk": 1, "fields": {"domain": "example.com", "name": "example.com"}}, {"model": "admin.logentry", "pk": 1, "fields": {"action_time": "2022-12-23T15:11:25.697Z", "user": 1, "content_type": 11, "object_id": "1", "object_repr": "Track object (1)", "action_flag": 1, "change_message": "[{\"added\": {}}]"}}, {"model": "admin.logentry", "pk": 2, "fields": {"action_time": "2022-12-23T15:11:30.313Z", "user": 1, "content_type": 11, "object_id": "2", "object_repr": "Track object (2)", "action_flag": 1, "change_message": "[{\"added\": {}}]"}}, {"model": "admin.logentry", "pk": 3, "fields": {"action_time": "2022-12-23T15:11:33.382Z", "user": 1, "content_type": 11, "object_id": "3", "object_repr": "Track object (3)", "action_flag": 1, "change_message": "[{\"added\": {}}]"}}, {"model": "admin.logentry", "pk": 4, "fields": {"action_time": "2022-12-23T15:11:35.560Z", "user": 1, "content_type": 11, "object_id": "4", "object_repr": "Track object (4)", "action_flag": 1, "change_message": "[{\"added\": {}}]"}}, {"model": "admin.logentry", "pk": 5, "fields": {"action_time": "2022-12-23T15:11:37.678Z", "user": 1, "content_type": 11, "object_id": "5", "object_repr": "Track object (5)", "action_flag": 1, "change_message": "[{\"added\": {}}]"}}, {"model": "admin.logentry", "pk": 6, "fields": {"action_time": "2022-12-23T15:12:11.037Z", "user": 1, "content_type": 7, "object_id": "1", "object_repr": "Campus object (1)", "action_flag": 1, "change_message": "[{\"added\": {}}]"}}, {"model": "admin.logentry", "pk": 7, "fields": {"action_time": "2022-12-23T15:12:13.365Z", "user": 1, "content_type": 7, "object_id": "2", "object_repr": "Campus object (2)", "action_flag": 1, "change_message": "[{\"added\": {}}]"}}, {"model": "admin.logentry", "pk": 8, "fields": {"action_time": "2022-12-23T15:12:15.939Z", "user": 1, "content_type": 7, "object_id": "3", "object_repr": "Campus object (3)", "action_flag": 1, "change_message": "[{\"added\": {}}]"}}, {"model": "admin.logentry", "pk": 9, "fields": {"action_time": "2022-12-23T15:12:17.925Z", "user": 1, "content_type": 7, "object_id": "4", "object_repr": "Campus object (4)", "action_flag": 1, "change_message": "[{\"added\": {}}]"}}, {"model": "admin.logentry", "pk": 10, "fields": {"action_time": "2022-12-23T15:12:20.268Z", "user": 1, "content_type": 7, "object_id": "5", "object_repr": "Campus object (5)", "action_flag": 1, "change_message": "[{\"added\": {}}]"}}, {"model": "admin.logentry", "pk": 11, "fields": {"action_time": "2022-12-23T15:12:23.703Z", "user": 1, "content_type": 7, "object_id": "6", "object_repr": "Campus object (6)", "action_flag": 1, "change_message": "[{\"added\": {}}]"}}, {"model": "admin.logentry", "pk": 12, "fields": {"action_time": "2022-12-23T15:12:27.802Z", "user": 1, "content_type": 9, "object_id": "1", "object_repr": "Part object (1)", "action_flag": 1, "change_message": "[{\"added\": {}}]"}}, {"model": "admin.logentry", "pk": 13, "fields": {"action_time": "2022-12-23T15:12:28.604Z", "user": 1, "content_type": 9, "object_id": "2", "object_repr": "Part object (2)", "action_flag": 1, "change_message": "[{\"added\": {}}]"}}, {"model": "admin.logentry", "pk": 14, "fields": {"action_time": "2022-12-23T15:12:29.337Z", "user": 1, "content_type": 9, "object_id": "3", "object_repr": "Part object (3)", "action_flag": 1, "change_message": "[{\"added\": {}}]"}}, {"model": "admin.logentry", "pk": 15, "fields": {"action_time": "2022-12-23T15:12:29.884Z", "user": 1, "content_type": 9, "object_id": "4", "object_repr": "Part object (4)", "action_flag": 1, "change_message": "[{\"added\": {}}]"}}, {"model": "admin.logentry", "pk": 16, "fields": {"action_time": "2022-12-23T15:12:30.482Z", "user": 1, "content_type": 9, "object_id": "5", "object_repr": "Part object (5)", "action_flag": 1, "change_message": "[{\"added\": {}}]"}}, {"model": "admin.logentry", "pk": 17, "fields": {"action_time": "2022-12-23T15:12:31.070Z", "user": 1, "content_type": 9, "object_id": "6", "object_repr": "Part object (6)", "action_flag": 1, "change_message": "[{\"added\": {}}]"}}, {"model": "admin.logentry", "pk": 18, "fields": {"action_time": "2022-12-23T15:12:44.242Z", "user": 1, "content_type": 10, "object_id": "1", "object_repr": "SkillCategory object (1)", "action_flag": 1, "change_message": "[{\"added\": {}}]"}}, {"model": "admin.logentry", "pk": 19, "fields": {"action_time": "2022-12-23T15:12:47.366Z", "user": 1, "content_type": 10, "object_id": "2", "object_repr": "SkillCategory object (2)", "action_flag": 1, "change_message": "[{\"added\": {}}]"}}, {"model": "admin.logentry", "pk": 20, "fields": {"action_time": "2022-12-23T15:12:50.517Z", "user": 1, "content_type": 10, "object_id": "3", "object_repr": "SkillCategory object (3)", "action_flag": 1, "change_message": "[{\"added\": {}}]"}}, {"model": "admin.logentry", "pk": 21, "fields": {"action_time": "2022-12-23T15:12:53.216Z", "user": 1, "content_type": 10, "object_id": "4", "object_repr": "SkillCategory object (4)", "action_flag": 1, "change_message": "[{\"added\": {}}]"}}, {"model": "admin.logentry", "pk": 22, "fields": {"action_time": "2022-12-23T15:13:02.568Z", "user": 1, "content_type": 12, "object_id": "1", "object_repr": "Skill object (1)", "action_flag": 1, "change_message": "[{\"added\": {}}]"}}, {"model": "admin.logentry", "pk": 23, "fields": {"action_time": "2022-12-23T15:13:06.993Z", "user": 1, "content_type": 12, "object_id": "2", "object_repr": "Skill object (2)", "action_flag": 1, "change_message": "[{\"added\": {}}]"}}, {"model": "admin.logentry", "pk": 24, "fields": {"action_time": "2022-12-23T15:13:13.083Z", "user": 1, "content_type": 12, "object_id": "3", "object_repr": "Skill object (3)", "action_flag": 1, "change_message": "[{\"added\": {}}]"}}, {"model": "admin.logentry", "pk": 25, "fields": {"action_time": "2022-12-23T15:13:18.637Z", "user": 1, "content_type": 12, "object_id": "4", "object_repr": "Skill object (4)", "action_flag": 1, "change_message": "[{\"added\": {}}]"}}, {"model": "admin.logentry", "pk": 26, "fields": {"action_time": "2022-12-23T15:13:23.987Z", "user": 1, "content_type": 12, "object_id": "5", "object_repr": "Skill object (5)", "action_flag": 1, "change_message": "[{\"added\": {}}]"}}, {"model": "admin.logentry", "pk": 27, "fields": {"action_time": "2022-12-23T15:13:29.704Z", "user": 1, "content_type": 12, "object_id": "6", "object_repr": "Skill object (6)", "action_flag": 1, "change_message": "[{\"added\": {}}]"}}, {"model": "admin.logentry", "pk": 28, "fields": {"action_time": "2022-12-23T15:13:35.592Z", "user": 1, "content_type": 12, "object_id": "7", "object_repr": "Skill object (7)", "action_flag": 1, "change_message": "[{\"added\": {}}]"}}, {"model": "admin.logentry", "pk": 29, "fields": {"action_time": "2022-12-23T15:13:39.173Z", "user": 1, "content_type": 12, "object_id": "8", "object_repr": "Skill object (8)", "action_flag": 1, "change_message": "[{\"added\": {}}]"}}, {"model": "admin.logentry", "pk": 30, "fields": {"action_time": "2022-12-23T15:13:44.205Z", "user": 1, "content_type": 12, "object_id": "9", "object_repr": "Skill object (9)", "action_flag": 1, "change_message": "[{\"added\": {}}]"}}, {"model": "admin.logentry", "pk": 31, "fields": {"action_time": "2022-12-23T15:13:48.387Z", "user": 1, "content_type": 12, "object_id": "10", "object_repr": "Skill object (10)", "action_flag": 1, "change_message": "[{\"added\": {}}]"}}, {"model": "admin.logentry", "pk": 32, "fields": {"action_time": "2022-12-23T15:13:53.123Z", "user": 1, "content_type": 12, "object_id": "11", "object_repr": "Skill object (11)", "action_flag": 1, "change_message": "[{\"added\": {}}]"}}, {"model": "admin.logentry", "pk": 33, "fields": {"action_time": "2022-12-23T15:13:58.554Z", "user": 1, "content_type": 12, "object_id": "12", "object_repr": "Skill object (12)", "action_flag": 1, "change_message": "[{\"added\": {}}]"}}, {"model": "admin.logentry", "pk": 34, "fields": {"action_time": "2022-12-23T15:14:01.613Z", "user": 1, "content_type": 12, "object_id": "13", "object_repr": "Skill object (13)", "action_flag": 1, "change_message": "[{\"added\": {}}]"}}, {"model": "admin.logentry", "pk": 35, "fields": {"action_time": "2022-12-23T15:14:05.336Z", "user": 1, "content_type": 12, "object_id": "14", "object_repr": "Skill object (14)", "action_flag": 1, "change_message": "[{\"added\": {}}]"}}, {"model": "admin.logentry", "pk": 36, "fields": {"action_time": "2022-12-23T15:14:08.450Z", "user": 1, "content_type": 12, "object_id": "15", "object_repr": "Skill object (15)", "action_flag": 1, "change_message": "[{\"added\": {}}]"}}, {"model": "admin.logentry", "pk": 37, "fields": {"action_time": "2022-12-23T15:14:12.624Z", "user": 1, "content_type": 12, "object_id": "16", "object_repr": "Skill object (16)", "action_flag": 1, "change_message": "[{\"added\": {}}]"}}, {"model": "admin.logentry", "pk": 38, "fields": {"action_time": "2022-12-23T15:14:16.021Z", "user": 1, "content_type": 12, "object_id": "17", "object_repr": "Skill object (17)", "action_flag": 1, "change_message": "[{\"added\": {}}]"}}, {"model": "admin.logentry", "pk": 39, "fields": {"action_time": "2022-12-23T15:14:20.155Z", "user": 1, "content_type": 12, "object_id": "18", "object_repr": "Skill object (18)", "action_flag": 1, "change_message": "[{\"added\": {}}]"}}, {"model": "admin.logentry", "pk": 40, "fields": {"action_time": "2022-12-23T15:14:23.090Z", "user": 1, "content_type": 12, "object_id": "19", "object_repr": "Skill object (19)", "action_flag": 1, "change_message": "[{\"added\": {}}]"}}, {"model": "admin.logentry", "pk": 41, "fields": {"action_time": "2022-12-23T15:14:27.419Z", "user": 1, "content_type": 12, "object_id": "15", "object_repr": "Skill object (15)", "action_flag": 2, "change_message": "[{\"changed\": {\"fields\": [\"Category\"]}}]"}}, {"model": "admin.logentry", "pk": 42, "fields": {"action_time": "2022-12-23T15:14:36.141Z", "user": 1, "content_type": 12, "object_id": "14", "object_repr": "Skill object (14)", "action_flag": 2, "change_message": "[{\"changed\": {\"fields\": [\"Category\"]}}]"}}, {"model": "admin.logentry", "pk": 43, "fields": {"action_time": "2022-12-23T15:14:39.873Z", "user": 1, "content_type": 12, "object_id": "13", "object_repr": "Skill object (13)", "action_flag": 2, "change_message": "[{\"changed\": {\"fields\": [\"Category\"]}}]"}}, {"model": "admin.logentry", "pk": 44, "fields": {"action_time": "2022-12-23T15:15:02.364Z", "user": 1, "content_type": 12, "object_id": "20", "object_repr": "Skill object (20)", "action_flag": 1, "change_message": "[{\"added\": {}}]"}}, {"model": "admin.logentry", "pk": 45, "fields": {"action_time": "2022-12-23T15:19:04.095Z", "user": 1, "content_type": 1, "object_id": "2", "object_repr": "jay", "action_flag": 1, "change_message": "[{\"added\": {}}]"}}, {"model": "admin.logentry", "pk": 46, "fields": {"action_time": "2022-12-23T15:31:49.521Z", "user": 1, "content_type": 1, "object_id": "2", "object_repr": "jay", "action_flag": 2, "change_message": "[{\"changed\": {\"fields\": [\"Track\"]}}]"}}, {"model": "admin.logentry", "pk": 47, "fields": {"action_time": "2022-12-23T15:33:32.635Z", "user": 1, "content_type": 8, "object_id": "1", "object_repr": "Language object (1)", "action_flag": 1, "change_message": "[{\"added\": {}}]"}}, {"model": "admin.logentry", "pk": 48, "fields": {"action_time": "2022-12-23T15:33:35.139Z", "user": 1, "content_type": 8, "object_id": "2", "object_repr": "Language object (2)", "action_flag": 1, "change_message": "[{\"added\": {}}]"}}, {"model": "admin.logentry", "pk": 49, "fields": {"action_time": "2022-12-23T15:33:39.937Z", "user": 1, "content_type": 8, "object_id": "3", "object_repr": "Language object (3)", "action_flag": 1, "change_message": "[{\"added\": {}}]"}}, {"model": "admin.logentry", "pk": 50, "fields": {"action_time": "2022-12-23T15:33:42.840Z", "user": 1, "content_type": 8, "object_id": "4", "object_repr": "Language object (4)", "action_flag": 1, "change_message": "[{\"added\": {}}]"}}, {"model": "admin.logentry", "pk": 51, "fields": {"action_time": "2022-12-23T15:33:46.053Z", "user": 1, "content_type": 8, "object_id": "5", "object_repr": "Language object (5)", "action_flag": 1, "change_message": "[{\"added\": {}}]"}}, {"model": "admin.logentry", "pk": 52, "fields": {"action_time": "2022-12-23T15:33:47.804Z", "user": 1, "content_type": 8, "object_id": "6", "object_repr": "Language object (6)", "action_flag": 1, "change_message": "[{\"added\": {}}]"}}, {"model": "admin.logentry", "pk": 53, "fields": {"action_time": "2022-12-23T15:33:52.187Z", "user": 1, "content_type": 8, "object_id": "7", "object_repr": "Language object (7)", "action_flag": 1, "change_message": "[{\"added\": {}}]"}}, {"model": "admin.logentry", "pk": 54, "fields": {"action_time": "2022-12-23T15:33:53.685Z", "user": 1, "content_type": 8, "object_id": "8", "object_repr": "Language object (8)", "action_flag": 1, "change_message": "[{\"added\": {}}]"}}, {"model": "admin.logentry", "pk": 55, "fields": {"action_time": "2022-12-23T15:33:55.302Z", "user": 1, "content_type": 8, "object_id": "9", "object_repr": "Language object (9)", "action_flag": 1, "change_message": "[{\"added\": {}}]"}}, {"model": "admin.logentry", "pk": 56, "fields": {"action_time": "2022-12-23T15:33:56.567Z", "user": 1, "content_type": 8, "object_id": "10", "object_repr": "Language object (10)", "action_flag": 1, "change_message": "[{\"added\": {}}]"}}, {"model": "admin.logentry", "pk": 57, "fields": {"action_time": "2022-12-23T15:33:57.935Z", "user": 1, "content_type": 8, "object_id": "11", "object_repr": "Language object (11)", "action_flag": 1, "change_message": "[{\"added\": {}}]"}}, {"model": "admin.logentry", "pk": 58, "fields": {"action_time": "2022-12-23T15:33:59.638Z", "user": 1, "content_type": 8, "object_id": "12", "object_repr": "Language object (12)", "action_flag": 1, "change_message": "[{\"added\": {}}]"}}, {"model": "admin.logentry", "pk": 59, "fields": {"action_time": "2022-12-23T15:34:03.289Z", "user": 1, "content_type": 8, "object_id": "1", "object_repr": "Language object (1)", "action_flag": 2, "change_message": "[{\"changed\": {\"fields\": [\"Title\"]}}]"}}, {"model": "admin.logentry", "pk": 60, "fields": {"action_time": "2022-12-23T15:34:08.790Z", "user": 1, "content_type": 1, "object_id": "2", "object_repr": "jay", "action_flag": 2, "change_message": "[{\"changed\": {\"fields\": [\"Language\"]}}]"}}, {"model": "admin.logentry", "pk": 61, "fields": {"action_time": "2022-12-23T15:45:30.281Z", "user": 1, "content_type": 14, "object_id": "2", "object_repr": "587b4afa8198a2ad4208be0599a614a3d82c7a3f", "action_flag": 1, "change_message": "[{\"added\": {}}]"}}, {"model": "admin.logentry", "pk": 62, "fields": {"action_time": "2022-12-24T08:51:14.663Z", "user": 1, "content_type": 6, "object_id": "1", "object_repr": "BaekJoonLevel object (1)", "action_flag": 1, "change_message": "[{\"added\": {}}]"}}, {"model": "admin.logentry", "pk": 63, "fields": {"action_time": "2022-12-24T08:51:16.714Z", "user": 1, "content_type": 6, "object_id": "2", "object_repr": "BaekJoonLevel object (2)", "action_flag": 1, "change_message": "[{\"added\": {}}]"}}, {"model": "admin.logentry", "pk": 64, "fields": {"action_time": "2022-12-24T08:51:18.979Z", "user": 1, "content_type": 6, "object_id": "3", "object_repr": "BaekJoonLevel object (3)", "action_flag": 1, "change_message": "[{\"added\": {}}]"}}, {"model": "admin.logentry", "pk": 65, "fields": {"action_time": "2022-12-24T08:51:20.595Z", "user": 1, "content_type": 6, "object_id": "4", "object_repr": "BaekJoonLevel object (4)", "action_flag": 1, "change_message": "[{\"added\": {}}]"}}, {"model": "admin.logentry", "pk": 66, "fields": {"action_time": "2022-12-24T08:51:21.863Z", "user": 1, "content_type": 6, "object_id": "5", "object_repr": "BaekJoonLevel object (5)", "action_flag": 1, "change_message": "[{\"added\": {}}]"}}, {"model": "admin.logentry", "pk": 67, "fields": {"action_time": "2022-12-24T08:51:31.493Z", "user": 1, "content_type": 6, "object_id": "6", "object_repr": "BaekJoonLevel object (6)", "action_flag": 1, "change_message": "[{\"added\": {}}]"}}, {"model": "admin.logentry", "pk": 68, "fields": {"action_time": "2022-12-25T07:31:04.721Z", "user": 1, "content_type": 1, "object_id": "2", "object_repr": "jay", "action_flag": 2, "change_message": "[{\"changed\": {\"fields\": [\"Skill\"]}}]"}}, {"model": "admin.logentry", "pk": 69, "fields": {"action_time": "2022-12-25T14:34:07.780Z", "user": 1, "content_type": 1, "object_id": "3", "object_repr": "ted", "action_flag": 1, "change_message": "[{\"added\": {}}]"}}, {"model": "admin.logentry", "pk": 70, "fields": {"action_time": "2022-12-27T02:39:11.479Z", "user": 1, "content_type": 7, "object_id": "1", "object_repr": "Campus object (1)", "action_flag": 2, "change_message": "[{\"changed\": {\"fields\": [\"Partcount\"]}}]"}}, {"model": "admin.logentry", "pk": 71, "fields": {"action_time": "2022-12-27T02:39:14.725Z", "user": 1, "content_type": 7, "object_id": "2", "object_repr": "Campus object (2)", "action_flag": 2, "change_message": "[{\"changed\": {\"fields\": [\"Partcount\"]}}]"}}, {"model": "admin.logentry", "pk": 72, "fields": {"action_time": "2022-12-27T02:39:18.127Z", "user": 1, "content_type": 7, "object_id": "3", "object_repr": "Campus object (3)", "action_flag": 2, "change_message": "[{\"changed\": {\"fields\": [\"Partcount\"]}}]"}}, {"model": "admin.logentry", "pk": 73, "fields": {"action_time": "2022-12-27T02:39:21.364Z", "user": 1, "content_type": 7, "object_id": "4", "object_repr": "Campus object (4)", "action_flag": 2, "change_message": "[{\"changed\": {\"fields\": [\"Partcount\"]}}]"}}, {"model": "admin.logentry", "pk": 74, "fields": {"action_time": "2022-12-27T02:39:25.425Z", "user": 1, "content_type": 7, "object_id": "5", "object_repr": "Campus object (5)", "action_flag": 2, "change_message": "[{\"changed\": {\"fields\": [\"Partcount\"]}}]"}}, {"model": "admin.logentry", "pk": 75, "fields": {"action_time": "2022-12-27T12:14:30.487Z", "user": 1, "content_type": 7, "object_id": "6", "object_repr": "Campus object (6)", "action_flag": 2, "change_message": "[{\"changed\": {\"fields\": [\"Partcount\"]}}]"}}, {"model": "admin.logentry", "pk": 76, "fields": {"action_time": "2022-12-27T12:40:21.873Z", "user": 1, "content_type": 7, "object_id": "5", "object_repr": "Campus object (5)", "action_flag": 2, "change_message": "[{\"changed\": {\"fields\": [\"Partcount\"]}}]"}}, {"model": "admin.logentry", "pk": 77, "fields": {"action_time": "2022-12-28T06:47:16.896Z", "user": 1, "content_type": 7, "object_id": "3", "object_repr": "Campus object (3)", "action_flag": 2, "change_message": "[{\"changed\": {\"fields\": [\"Partcount\"]}}]"}}, {"model": "admin.logentry", "pk": 78, "fields": {"action_time": "2022-12-28T06:47:28.438Z", "user": 1, "content_type": 6, "object_id": "6", "object_repr": "BaekJoonLevel object (6)", "action_flag": 2, "change_message": "[]"}}, {"model": "admin.logentry", "pk": 79, "fields": {"action_time": "2022-12-28T06:47:32.283Z", "user": 1, "content_type": 6, "object_id": "7", "object_repr": "BaekJoonLevel object (7)", "action_flag": 1, "change_message": "[{\"added\": {}}]"}}, {"model": "admin.logentry", "pk": 80, "fields": {"action_time": "2022-12-28T06:47:34.794Z", "user": 1, "content_type": 6, "object_id": "8", "object_repr": "BaekJoonLevel object (8)", "action_flag": 1, "change_message": "[{\"added\": {}}]"}}, {"model": "admin.logentry", "pk": 81, "fields": {"action_time": "2022-12-28T06:47:36.117Z", "user": 1, "content_type": 6, "object_id": "9", "object_repr": "BaekJoonLevel object (9)", "action_flag": 1, "change_message": "[{\"added\": {}}]"}}, {"model": "admin.logentry", "pk": 82, "fields": {"action_time": "2022-12-28T06:47:37.522Z", "user": 1, "content_type": 6, "object_id": "10", "object_repr": "BaekJoonLevel object (10)", "action_flag": 1, "change_message": "[{\"added\": {}}]"}}, {"model": "admin.logentry", "pk": 83, "fields": {"action_time": "2022-12-28T06:48:05.856Z", "user": 1, "content_type": 6, "object_id": "11", "object_repr": "BaekJoonLevel object (11)", "action_flag": 1, "change_message": "[{\"added\": {}}]"}}, {"model": "admin.logentry", "pk": 84, "fields": {"action_time": "2022-12-28T06:48:07.899Z", "user": 1, "content_type": 6, "object_id": "12", "object_repr": "BaekJoonLevel object (12)", "action_flag": 1, "change_message": "[{\"added\": {}}]"}}, {"model": "admin.logentry", "pk": 85, "fields": {"action_time": "2022-12-28T06:48:09.634Z", "user": 1, "content_type": 6, "object_id": "13", "object_repr": "BaekJoonLevel object (13)", "action_flag": 1, "change_message": "[{\"added\": {}}]"}}, {"model": "admin.logentry", "pk": 86, "fields": {"action_time": "2022-12-28T06:48:10.918Z", "user": 1, "content_type": 6, "object_id": "14", "object_repr": "BaekJoonLevel object (14)", "action_flag": 1, "change_message": "[{\"added\": {}}]"}}, {"model": "admin.logentry", "pk": 87, "fields": {"action_time": "2022-12-28T06:48:12.100Z", "user": 1, "content_type": 6, "object_id": "15", "object_repr": "BaekJoonLevel object (15)", "action_flag": 1, "change_message": "[{\"added\": {}}]"}}, {"model": "admin.logentry", "pk": 88, "fields": {"action_time": "2022-12-28T06:48:17.901Z", "user": 1, "content_type": 6, "object_id": "16", "object_repr": "BaekJoonLevel object (16)", "action_flag": 1, "change_message": "[{\"added\": {}}]"}}, {"model": "admin.logentry", "pk": 89, "fields": {"action_time": "2022-12-28T06:48:19.401Z", "user": 1, "content_type": 6, "object_id": "17", "object_repr": "BaekJoonLevel object (17)", "action_flag": 1, "change_message": "[{\"added\": {}}]"}}, {"model": "admin.logentry", "pk": 90, "fields": {"action_time": "2022-12-28T06:48:21.001Z", "user": 1, "content_type": 6, "object_id": "18", "object_repr": "BaekJoonLevel object (18)", "action_flag": 1, "change_message": "[{\"added\": {}}]"}}, {"model": "admin.logentry", "pk": 91, "fields": {"action_time": "2022-12-28T06:48:22.399Z", "user": 1, "content_type": 6, "object_id": "19", "object_repr": "BaekJoonLevel object (19)", "action_flag": 1, "change_message": "[{\"added\": {}}]"}}, {"model": "admin.logentry", "pk": 92, "fields": {"action_time": "2022-12-28T06:48:24.138Z", "user": 1, "content_type": 6, "object_id": "20", "object_repr": "BaekJoonLevel object (20)", "action_flag": 1, "change_message": "[{\"added\": {}}]"}}, {"model": "admin.logentry", "pk": 93, "fields": {"action_time": "2022-12-28T06:48:28.601Z", "user": 1, "content_type": 6, "object_id": "21", "object_repr": "BaekJoonLevel object (21)", "action_flag": 1, "change_message": "[{\"added\": {}}]"}}, {"model": "admin.logentry", "pk": 94, "fields": {"action_time": "2022-12-28T06:48:29.969Z", "user": 1, "content_type": 6, "object_id": "22", "object_repr": "BaekJoonLevel object (22)", "action_flag": 1, "change_message": "[{\"added\": {}}]"}}, {"model": "admin.logentry", "pk": 95, "fields": {"action_time": "2022-12-28T06:48:31.887Z", "user": 1, "content_type": 6, "object_id": "23", "object_repr": "BaekJoonLevel object (23)", "action_flag": 1, "change_message": "[{\"added\": {}}]"}}, {"model": "admin.logentry", "pk": 96, "fields": {"action_time": "2022-12-28T06:48:33.400Z", "user": 1, "content_type": 6, "object_id": "24", "object_repr": "BaekJoonLevel object (24)", "action_flag": 1, "change_message": "[{\"added\": {}}]"}}, {"model": "admin.logentry", "pk": 97, "fields": {"action_time": "2022-12-28T06:48:34.969Z", "user": 1, "content_type": 6, "object_id": "25", "object_repr": "BaekJoonLevel object (25)", "action_flag": 1, "change_message": "[{\"added\": {}}]"}}, {"model": "admin.logentry", "pk": 98, "fields": {"action_time": "2022-12-28T06:48:38.722Z", "user": 1, "content_type": 6, "object_id": "26", "object_repr": "BaekJoonLevel object (26)", "action_flag": 1, "change_message": "[{\"added\": {}}]"}}, {"model": "admin.logentry", "pk": 99, "fields": {"action_time": "2022-12-28T06:48:40.468Z", "user": 1, "content_type": 6, "object_id": "27", "object_repr": "BaekJoonLevel object (27)", "action_flag": 1, "change_message": "[{\"added\": {}}]"}}, {"model": "admin.logentry", "pk": 100, "fields": {"action_time": "2022-12-28T06:48:42.133Z", "user": 1, "content_type": 6, "object_id": "28", "object_repr": "BaekJoonLevel object (28)", "action_flag": 1, "change_message": "[{\"added\": {}}]"}}, {"model": "admin.logentry", "pk": 101, "fields": {"action_time": "2022-12-28T06:48:43.583Z", "user": 1, "content_type": 6, "object_id": "29", "object_repr": "BaekJoonLevel object (29)", "action_flag": 1, "change_message": "[{\"added\": {}}]"}}, {"model": "admin.logentry", "pk": 102, "fields": {"action_time": "2022-12-28T06:48:44.798Z", "user": 1, "content_type": 6, "object_id": "30", "object_repr": "BaekJoonLevel object (30)", "action_flag": 1, "change_message": "[{\"added\": {}}]"}}, {"model": "admin.logentry", "pk": 103, "fields": {"action_time": "2022-12-28T06:49:13.704Z", "user": 1, "content_type": 6, "object_id": "26", "object_repr": "BaekJoonLevel object (26)", "action_flag": 2, "change_message": "[{\"changed\": {\"fields\": [\"Level\"]}}]"}}, {"model": "admin.logentry", "pk": 104, "fields": {"action_time": "2022-12-28T06:49:19.787Z", "user": 1, "content_type": 6, "object_id": "27", "object_repr": "BaekJoonLevel object (27)", "action_flag": 2, "change_message": "[{\"changed\": {\"fields\": [\"Level\"]}}]"}}, {"model": "admin.logentry", "pk": 105, "fields": {"action_time": "2022-12-28T06:49:24.372Z", "user": 1, "content_type": 6, "object_id": "28", "object_repr": "BaekJoonLevel object (28)", "action_flag": 2, "change_message": "[{\"changed\": {\"fields\": [\"Level\"]}}]"}}, {"model": "admin.logentry", "pk": 106, "fields": {"action_time": "2022-12-28T06:49:27.904Z", "user": 1, "content_type": 6, "object_id": "29", "object_repr": "BaekJoonLevel object (29)", "action_flag": 2, "change_message": "[{\"changed\": {\"fields\": [\"Level\"]}}]"}}, {"model": "admin.logentry", "pk": 107, "fields": {"action_time": "2022-12-28T06:49:32.054Z", "user": 1, "content_type": 6, "object_id": "30", "object_repr": "BaekJoonLevel object (30)", "action_flag": 2, "change_message": "[{\"changed\": {\"fields\": [\"Level\"]}}]"}}, {"model": "admin.logentry", "pk": 108, "fields": {"action_time": "2022-12-28T06:49:34.801Z", "user": 1, "content_type": 6, "object_id": "31", "object_repr": "BaekJoonLevel object (31)", "action_flag": 1, "change_message": "[{\"added\": {}}]"}}, {"model": "admin.logentry", "pk": 109, "fields": {"action_time": "2022-12-28T06:52:22.102Z", "user": 1, "content_type": 1, "object_id": "1", "object_repr": "sseker_admin", "action_flag": 2, "change_message": "[{\"changed\": {\"fields\": [\"Username\"]}}]"}}, {"model": "admin.logentry", "pk": 110, "fields": {"action_time": "2022-12-29T01:41:16.799Z", "user": 1, "content_type": 1, "object_id": "4", "object_repr": "test1", "action_flag": 1, "change_message": "[{\"added\": {}}]"}}, {"model": "admin.logentry", "pk": 111, "fields": {"action_time": "2022-12-29T01:41:22.515Z", "user": 1, "content_type": 1, "object_id": "5", "object_repr": "test2", "action_flag": 1, "change_message": "[{\"added\": {}}]"}}, {"model": "admin.logentry", "pk": 112, "fields": {"action_time": "2022-12-29T01:41:28.339Z", "user": 1, "content_type": 1, "object_id": "6", "object_repr": "test5", "action_flag": 1, "change_message": "[{\"added\": {}}]"}}, {"model": "admin.logentry", "pk": 113, "fields": {"action_time": "2022-12-29T01:41:33.469Z", "user": 1, "content_type": 1, "object_id": "7", "object_repr": "test3", "action_flag": 1, "change_message": "[{\"added\": {}}]"}}, {"model": "admin.logentry", "pk": 114, "fields": {"action_time": "2022-12-29T01:41:39.626Z", "user": 1, "content_type": 1, "object_id": "8", "object_repr": "test4", "action_flag": 1, "change_message": "[{\"added\": {}}]"}}, {"model": "admin.logentry", "pk": 115, "fields": {"action_time": "2022-12-29T01:41:46.380Z", "user": 1, "content_type": 1, "object_id": "9", "object_repr": "test6", "action_flag": 1, "change_message": "[{\"added\": {}}]"}}, {"model": "admin.logentry", "pk": 116, "fields": {"action_time": "2022-12-29T01:41:52.425Z", "user": 1, "content_type": 1, "object_id": "10", "object_repr": "test7", "action_flag": 1, "change_message": "[{\"added\": {}}]"}}, {"model": "admin.logentry", "pk": 117, "fields": {"action_time": "2022-12-29T01:41:58.095Z", "user": 1, "content_type": 1, "object_id": "11", "object_repr": "test8", "action_flag": 1, "change_message": "[{\"added\": {}}]"}}, {"model": "admin.logentry", "pk": 118, "fields": {"action_time": "2022-12-29T01:42:03.347Z", "user": 1, "content_type": 1, "object_id": "12", "object_repr": "test9", "action_flag": 1, "change_message": "[{\"added\": {}}]"}}, {"model": "admin.logentry", "pk": 119, "fields": {"action_time": "2022-12-29T01:42:09.661Z", "user": 1, "content_type": 1, "object_id": "13", "object_repr": "test10", "action_flag": 1, "change_message": "[{\"added\": {}}]"}}, {"model": "admin.logentry", "pk": 120, "fields": {"action_time": "2022-12-29T02:22:37.639Z", "user": 1, "content_type": 2, "object_id": "1", "object_repr": "Status object (1)", "action_flag": 1, "change_message": "[{\"added\": {}}]"}}, {"model": "admin.logentry", "pk": 121, "fields": {"action_time": "2022-12-29T02:22:42.781Z", "user": 1, "content_type": 2, "object_id": "2", "object_repr": "Status object (2)", "action_flag": 1, "change_message": "[{\"added\": {}}]"}}, {"model": "admin.logentry", "pk": 122, "fields": {"action_time": "2022-12-29T02:22:46.825Z", "user": 1, "content_type": 2, "object_id": "3", "object_repr": "Status object (3)", "action_flag": 1, "change_message": "[{\"added\": {}}]"}}, {"model": "admin.logentry", "pk": 123, "fields": {"action_time": "2022-12-29T02:23:05.557Z", "user": 1, "content_type": 3, "object_id": "1", "object_repr": "Project object (1)", "action_flag": 1, "change_message": "[{\"added\": {}}]"}}, {"model": "admin.logentry", "pk": 124, "fields": {"action_time": "2022-12-29T02:24:06.756Z", "user": 1, "content_type": 3, "object_id": "2", "object_repr": "Project object (2)", "action_flag": 1, "change_message": "[{\"added\": {}}]"}}, {"model": "admin.logentry", "pk": 125, "fields": {"action_time": "2022-12-29T09:04:35.141Z", "user": 1, "content_type": 1, "object_id": "9", "object_repr": "test6", "action_flag": 2, "change_message": "[{\"changed\": {\"fields\": [\"Skill\"]}}]"}}, {"model": "admin.logentry", "pk": 126, "fields": {"action_time": "2022-12-29T09:11:48.439Z", "user": 1, "content_type": 3, "object_id": "3", "object_repr": "Project object (3)", "action_flag": 1, "change_message": "[{\"added\": {}}]"}}, {"model": "admin.logentry", "pk": 127, "fields": {"action_time": "2022-12-29T09:13:25.794Z", "user": 1, "content_type": 3, "object_id": "4", "object_repr": "Project object (4)", "action_flag": 1, "change_message": "[{\"added\": {}}]"}}, {"model": "admin.logentry", "pk": 128, "fields": {"action_time": "2022-12-29T09:26:04.385Z", "user": 1, "content_type": 4, "object_id": "1", "object_repr": "Participant object (1)", "action_flag": 1, "change_message": "[{\"added\": {}}]"}}, {"model": "admin.logentry", "pk": 129, "fields": {"action_time": "2022-12-29T09:29:09.790Z", "user": 1, "content_type": 3, "object_id": "4", "object_repr": "Project object (4)", "action_flag": 2, "change_message": "[{\"changed\": {\"fields\": [\"Fixed count\"]}}]"}}, {"model": "admin.logentry", "pk": 130, "fields": {"action_time": "2022-12-29T09:59:29.408Z", "user": 1, "content_type": 9, "object_id": "7", "object_repr": "Part object (7)", "action_flag": 1, "change_message": "[{\"added\": {}}]"}}, {"model": "admin.logentry", "pk": 131, "fields": {"action_time": "2022-12-29T10:14:49.792Z", "user": 1, "content_type": 12, "object_id": "20", "object_repr": "Skill object (20)", "action_flag": 2, "change_message": "[{\"changed\": {\"fields\": [\"Title\"]}}]"}}, {"model": "admin.logentry", "pk": 132, "fields": {"action_time": "2022-12-29T10:15:10.976Z", "user": 1, "content_type": 12, "object_id": "17", "object_repr": "Skill object (17)", "action_flag": 2, "change_message": "[{\"changed\": {\"fields\": [\"Title\"]}}]"}}, {"model": "admin.logentry", "pk": 133, "fields": {"action_time": "2022-12-29T10:15:17.496Z", "user": 1, "content_type": 12, "object_id": "15", "object_repr": "Skill object (15)", "action_flag": 2, "change_message": "[{\"changed\": {\"fields\": [\"Title\"]}}]"}}, {"model": "admin.logentry", "pk": 134, "fields": {"action_time": "2022-12-29T10:15:50.761Z", "user": 1, "content_type": 12, "object_id": "14", "object_repr": "Skill object (14)", "action_flag": 2, "change_message": "[{\"changed\": {\"fields\": [\"Title\"]}}]"}}, {"model": "admin.logentry", "pk": 135, "fields": {"action_time": "2022-12-29T10:16:01.660Z", "user": 1, "content_type": 12, "object_id": "13", "object_repr": "Skill object (13)", "action_flag": 2, "change_message": "[{\"changed\": {\"fields\": [\"Title\"]}}]"}}, {"model": "admin.logentry", "pk": 136, "fields": {"action_time": "2022-12-29T10:16:11.736Z", "user": 1, "content_type": 12, "object_id": "12", "object_repr": "Skill object (12)", "action_flag": 2, "change_message": "[{\"changed\": {\"fields\": [\"Title\"]}}]"}}, {"model": "admin.logentry", "pk": 137, "fields": {"action_time": "2022-12-29T10:16:18.794Z", "user": 1, "content_type": 12, "object_id": "11", "object_repr": "Skill object (11)", "action_flag": 2, "change_message": "[{\"changed\": {\"fields\": [\"Title\"]}}]"}}, {"model": "admin.logentry", "pk": 138, "fields": {"action_time": "2022-12-29T10:16:27.344Z", "user": 1, "content_type": 12, "object_id": "10", "object_repr": "Skill object (10)", "action_flag": 2, "change_message": "[{\"changed\": {\"fields\": [\"Title\"]}}]"}}, {"model": "admin.logentry", "pk": 139, "fields": {"action_time": "2022-12-29T10:16:40.605Z", "user": 1, "content_type": 12, "object_id": "9", "object_repr": "Skill object (9)", "action_flag": 2, "change_message": "[{\"changed\": {\"fields\": [\"Title\"]}}]"}}, {"model": "admin.logentry", "pk": 140, "fields": {"action_time": "2022-12-29T10:16:55.086Z", "user": 1, "content_type": 12, "object_id": "8", "object_repr": "Skill object (8)", "action_flag": 2, "change_message": "[{\"changed\": {\"fields\": [\"Title\"]}}]"}}, {"model": "admin.logentry", "pk": 141, "fields": {"action_time": "2022-12-29T10:17:01.971Z", "user": 1, "content_type": 12, "object_id": "7", "object_repr": "Skill object (7)", "action_flag": 2, "change_message": "[{\"changed\": {\"fields\": [\"Title\"]}}]"}}, {"model": "admin.logentry", "pk": 142, "fields": {"action_time": "2022-12-29T10:17:12.361Z", "user": 1, "content_type": 12, "object_id": "6", "object_repr": "Skill object (6)", "action_flag": 2, "change_message": "[{\"changed\": {\"fields\": [\"Title\"]}}]"}}, {"model": "admin.logentry", "pk": 143, "fields": {"action_time": "2022-12-29T10:17:19.122Z", "user": 1, "content_type": 12, "object_id": "5", "object_repr": "Skill object (5)", "action_flag": 2, "change_message": "[{\"changed\": {\"fields\": [\"Title\"]}}]"}}, {"model": "admin.logentry", "pk": 144, "fields": {"action_time": "2022-12-29T10:17:28.236Z", "user": 1, "content_type": 12, "object_id": "4", "object_repr": "Skill object (4)", "action_flag": 2, "change_message": "[{\"changed\": {\"fields\": [\"Title\"]}}]"}}, {"model": "admin.logentry", "pk": 145, "fields": {"action_time": "2022-12-29T10:17:36.612Z", "user": 1, "content_type": 12, "object_id": "3", "object_repr": "Skill object (3)", "action_flag": 2, "change_message": "[{\"changed\": {\"fields\": [\"Title\"]}}]"}}, {"model": "admin.logentry", "pk": 146, "fields": {"action_time": "2022-12-29T10:17:45.171Z", "user": 1, "content_type": 12, "object_id": "2", "object_repr": "Skill object (2)", "action_flag": 2, "change_message": "[{\"changed\": {\"fields\": [\"Title\"]}}]"}}, {"model": "admin.logentry", "pk": 147, "fields": {"action_time": "2022-12-29T10:17:51.424Z", "user": 1, "content_type": 12, "object_id": "1", "object_repr": "Skill object (1)", "action_flag": 2, "change_message": "[{\"changed\": {\"fields\": [\"Title\"]}}]"}}, {"model": "admin.logentry", "pk": 148, "fields": {"action_time": "2022-12-29T15:52:36.682Z", "user": 1, "content_type": 1, "object_id": "13", "object_repr": "test10", "action_flag": 2, "change_message": "[{\"changed\": {\"fields\": [\"Part\"]}}]"}}, {"model": "admin.logentry", "pk": 149, "fields": {"action_time": "2022-12-31T06:36:26.155Z", "user": 1, "content_type": 4, "object_id": "2", "object_repr": "Participant object (2)", "action_flag": 1, "change_message": "[{\"added\": {}}]"}}, {"model": "admin.logentry", "pk": 150, "fields": {"action_time": "2022-12-31T06:37:16.089Z", "user": 1, "content_type": 4, "object_id": "3", "object_repr": "Participant object (3)", "action_flag": 1, "change_message": "[{\"added\": {}}]"}}, {"model": "admin.logentry", "pk": 151, "fields": {"action_time": "2022-12-31T07:13:42.429Z", "user": 1, "content_type": 3, "object_id": "1", "object_repr": "Project object (1)", "action_flag": 2, "change_message": "[{\"changed\": {\"fields\": [\"Campus\", \"Skill\", \"Fixed count\"]}}]"}}, {"model": "admin.logentry", "pk": 152, "fields": {"action_time": "2023-01-03T12:00:56.958Z", "user": 1, "content_type": 6, "object_id": "1", "object_repr": "BaekJoonLevel object (1)", "action_flag": 2, "change_message": "[{\"changed\": {\"fields\": [\"Color\"]}}]"}}, {"model": "admin.logentry", "pk": 153, "fields": {"action_time": "2023-01-03T12:01:00.606Z", "user": 1, "content_type": 6, "object_id": "2", "object_repr": "BaekJoonLevel object (2)", "action_flag": 2, "change_message": "[{\"changed\": {\"fields\": [\"Color\"]}}]"}}, {"model": "admin.logentry", "pk": 154, "fields": {"action_time": "2023-01-03T12:01:07.807Z", "user": 1, "content_type": 6, "object_id": "3", "object_repr": "BaekJoonLevel object (3)", "action_flag": 2, "change_message": "[{\"changed\": {\"fields\": [\"Color\"]}}]"}}, {"model": "admin.logentry", "pk": 155, "fields": {"action_time": "2023-01-03T12:01:11.040Z", "user": 1, "content_type": 6, "object_id": "4", "object_repr": "BaekJoonLevel object (4)", "action_flag": 2, "change_message": "[{\"changed\": {\"fields\": [\"Color\"]}}]"}}, {"model": "admin.logentry", "pk": 156, "fields": {"action_time": "2023-01-03T12:01:14.539Z", "user": 1, "content_type": 6, "object_id": "5", "object_repr": "BaekJoonLevel object (5)", "action_flag": 2, "change_message": "[{\"changed\": {\"fields\": [\"Color\"]}}]"}}, {"model": "admin.logentry", "pk": 157, "fields": {"action_time": "2023-01-03T12:01:29.647Z", "user": 1, "content_type": 6, "object_id": "6", "object_repr": "BaekJoonLevel object (6)", "action_flag": 2, "change_message": "[{\"changed\": {\"fields\": [\"Color\"]}}]"}}, {"model": "admin.logentry", "pk": 158, "fields": {"action_time": "2023-01-03T12:01:33.319Z", "user": 1, "content_type": 6, "object_id": "7", "object_repr": "BaekJoonLevel object (7)", "action_flag": 2, "change_message": "[{\"changed\": {\"fields\": [\"Color\"]}}]"}}, {"model": "admin.logentry", "pk": 159, "fields": {"action_time": "2023-01-03T12:01:36.861Z", "user": 1, "content_type": 6, "object_id": "8", "object_repr": "BaekJoonLevel object (8)", "action_flag": 2, "change_message": "[{\"changed\": {\"fields\": [\"Color\"]}}]"}}, {"model": "admin.logentry", "pk": 160, "fields": {"action_time": "2023-01-03T12:01:39.847Z", "user": 1, "content_type": 6, "object_id": "9", "object_repr": "BaekJoonLevel object (9)", "action_flag": 2, "change_message": "[{\"changed\": {\"fields\": [\"Color\"]}}]"}}, {"model": "admin.logentry", "pk": 161, "fields": {"action_time": "2023-01-03T12:01:42.992Z", "user": 1, "content_type": 6, "object_id": "10", "object_repr": "BaekJoonLevel object (10)", "action_flag": 2, "change_message": "[{\"changed\": {\"fields\": [\"Color\"]}}]"}}, {"model": "admin.logentry", "pk": 162, "fields": {"action_time": "2023-01-03T12:01:52.353Z", "user": 1, "content_type": 6, "object_id": "11", "object_repr": "BaekJoonLevel object (11)", "action_flag": 2, "change_message": "[{\"changed\": {\"fields\": [\"Color\"]}}]"}}, {"model": "admin.logentry", "pk": 163, "fields": {"action_time": "2023-01-03T12:02:04.641Z", "user": 1, "content_type": 6, "object_id": "12", "object_repr": "BaekJoonLevel object (12)", "action_flag": 2, "change_message": "[{\"changed\": {\"fields\": [\"Color\"]}}]"}}, {"model": "admin.logentry", "pk": 164, "fields": {"action_time": "2023-01-03T12:02:10.027Z", "user": 1, "content_type": 6, "object_id": "13", "object_repr": "BaekJoonLevel object (13)", "action_flag": 2, "change_message": "[{\"changed\": {\"fields\": [\"Color\"]}}]"}}, {"model": "admin.logentry", "pk": 165, "fields": {"action_time": "2023-01-03T12:02:13.332Z", "user": 1, "content_type": 6, "object_id": "14", "object_repr": "BaekJoonLevel object (14)", "action_flag": 2, "change_message": "[{\"changed\": {\"fields\": [\"Color\"]}}]"}}, {"model": "admin.logentry", "pk": 166, "fields": {"action_time": "2023-01-03T12:02:16.668Z", "user": 1, "content_type": 6, "object_id": "15", "object_repr": "BaekJoonLevel object (15)", "action_flag": 2, "change_message": "[{\"changed\": {\"fields\": [\"Color\"]}}]"}}, {"model": "admin.logentry", "pk": 167, "fields": {"action_time": "2023-01-03T12:02:26.962Z", "user": 1, "content_type": 6, "object_id": "16", "object_repr": "BaekJoonLevel object (16)", "action_flag": 2, "change_message": "[{\"changed\": {\"fields\": [\"Color\"]}}]"}}, {"model": "admin.logentry", "pk": 168, "fields": {"action_time": "2023-01-03T12:02:30.661Z", "user": 1, "content_type": 6, "object_id": "17", "object_repr": "BaekJoonLevel object (17)", "action_flag": 2, "change_message": "[{\"changed\": {\"fields\": [\"Color\"]}}]"}}, {"model": "admin.logentry", "pk": 169, "fields": {"action_time": "2023-01-03T12:02:34.309Z", "user": 1, "content_type": 6, "object_id": "18", "object_repr": "BaekJoonLevel object (18)", "action_flag": 2, "change_message": "[{\"changed\": {\"fields\": [\"Color\"]}}]"}}, {"model": "admin.logentry", "pk": 170, "fields": {"action_time": "2023-01-03T12:02:40.915Z", "user": 1, "content_type": 6, "object_id": "19", "object_repr": "BaekJoonLevel object (19)", "action_flag": 2, "change_message": "[{\"changed\": {\"fields\": [\"Color\"]}}]"}}, {"model": "admin.logentry", "pk": 171, "fields": {"action_time": "2023-01-03T12:02:44.463Z", "user": 1, "content_type": 6, "object_id": "20", "object_repr": "BaekJoonLevel object (20)", "action_flag": 2, "change_message": "[{\"changed\": {\"fields\": [\"Color\"]}}]"}}, {"model": "admin.logentry", "pk": 172, "fields": {"action_time": "2023-01-03T12:03:20.640Z", "user": 1, "content_type": 6, "object_id": "21", "object_repr": "BaekJoonLevel object (21)", "action_flag": 2, "change_message": "[{\"changed\": {\"fields\": [\"Color\"]}}]"}}, {"model": "admin.logentry", "pk": 173, "fields": {"action_time": "2023-01-03T12:03:32.730Z", "user": 1, "content_type": 6, "object_id": "21", "object_repr": "BaekJoonLevel object (21)", "action_flag": 2, "change_message": "[]"}}, {"model": "admin.logentry", "pk": 174, "fields": {"action_time": "2023-01-03T12:03:35.484Z", "user": 1, "content_type": 6, "object_id": "22", "object_repr": "BaekJoonLevel object (22)", "action_flag": 2, "change_message": "[{\"changed\": {\"fields\": [\"Color\"]}}]"}}, {"model": "admin.logentry", "pk": 175, "fields": {"action_time": "2023-01-03T12:03:38.301Z", "user": 1, "content_type": 6, "object_id": "23", "object_repr": "BaekJoonLevel object (23)", "action_flag": 2, "change_message": "[{\"changed\": {\"fields\": [\"Color\"]}}]"}}, {"model": "admin.logentry", "pk": 176, "fields": {"action_time": "2023-01-03T12:03:40.752Z", "user": 1, "content_type": 6, "object_id": "24", "object_repr": "BaekJoonLevel object (24)", "action_flag": 2, "change_message": "[{\"changed\": {\"fields\": [\"Color\"]}}]"}}, {"model": "admin.logentry", "pk": 177, "fields": {"action_time": "2023-01-03T12:03:43.284Z", "user": 1, "content_type": 6, "object_id": "25", "object_repr": "BaekJoonLevel object (25)", "action_flag": 2, "change_message": "[{\"changed\": {\"fields\": [\"Color\"]}}]"}}, {"model": "admin.logentry", "pk": 178, "fields": {"action_time": "2023-01-03T12:03:57.886Z", "user": 1, "content_type": 6, "object_id": "26", "object_repr": "BaekJoonLevel object (26)", "action_flag": 2, "change_message": "[{\"changed\": {\"fields\": [\"Color\"]}}]"}}, {"model": "admin.logentry", "pk": 179, "fields": {"action_time": "2023-01-03T12:04:01.458Z", "user": 1, "content_type": 6, "object_id": "27", "object_repr": "BaekJoonLevel object (27)", "action_flag": 2, "change_message": "[{\"changed\": {\"fields\": [\"Color\"]}}]"}}, {"model": "admin.logentry", "pk": 180, "fields": {"action_time": "2023-01-03T12:04:03.894Z", "user": 1, "content_type": 6, "object_id": "28", "object_repr": "BaekJoonLevel object (28)", "action_flag": 2, "change_message": "[{\"changed\": {\"fields\": [\"Color\"]}}]"}}, {"model": "admin.logentry", "pk": 181, "fields": {"action_time": "2023-01-03T12:04:06.428Z", "user": 1, "content_type": 6, "object_id": "29", "object_repr": "BaekJoonLevel object (29)", "action_flag": 2, "change_message": "[{\"changed\": {\"fields\": [\"Color\"]}}]"}}, {"model": "admin.logentry", "pk": 182, "fields": {"action_time": "2023-01-03T12:04:08.643Z", "user": 1, "content_type": 6, "object_id": "30", "object_repr": "BaekJoonLevel object (30)", "action_flag": 2, "change_message": "[{\"changed\": {\"fields\": [\"Color\"]}}]"}}, {"model": "admin.logentry", "pk": 183, "fields": {"action_time": "2023-01-03T12:04:14.061Z", "user": 1, "content_type": 6, "object_id": "31", "object_repr": "BaekJoonLevel object (31)", "action_flag": 2, "change_message": "[{\"changed\": {\"fields\": [\"Color\"]}}]"}}, {"model": "admin.logentry", "pk": 184, "fields": {"action_time": "2023-01-03T12:04:21.827Z", "user": 1, "content_type": 6, "object_id": "32", "object_repr": "BaekJoonLevel object (32)", "action_flag": 1, "change_message": "[{\"added\": {}}]"}}, {"model": "admin.logentry", "pk": 185, "fields": {"action_time": "2023-01-03T12:30:38.841Z", "user": 1, "content_type": 6, "object_id": "22", "object_repr": "BaekJoonLevel object (22)", "action_flag": 2, "change_message": "[{\"changed\": {\"fields\": [\"Color\"]}}]"}}, {"model": "admin.logentry", "pk": 186, "fields": {"action_time": "2023-01-03T12:30:41.669Z", "user": 1, "content_type": 6, "object_id": "23", "object_repr": "BaekJoonLevel object (23)", "action_flag": 2, "change_message": "[{\"changed\": {\"fields\": [\"Color\"]}}]"}}, {"model": "admin.logentry", "pk": 187, "fields": {"action_time": "2023-01-03T12:30:44.044Z", "user": 1, "content_type": 6, "object_id": "24", "object_repr": "BaekJoonLevel object (24)", "action_flag": 2, "change_message": "[{\"changed\": {\"fields\": [\"Color\"]}}]"}}, {"model": "admin.logentry", "pk": 188, "fields": {"action_time": "2023-01-03T12:30:46.856Z", "user": 1, "content_type": 6, "object_id": "25", "object_repr": "BaekJoonLevel object (25)", "action_flag": 2, "change_message": "[{\"changed\": {\"fields\": [\"Color\"]}}]"}}, {"model": "auth.permission", "pk": 1, "fields": {"name": "Can add user", "content_type": 1, "codename": "add_user"}}, {"model": "auth.permission", "pk": 2, "fields": {"name": "Can change user", "content_type": 1, "codename": "change_user"}}, {"model": "auth.permission", "pk": 3, "fields": {"name": "Can delete user", "content_type": 1, "codename": "delete_user"}}, {"model": "auth.permission", "pk": 4, "fields": {"name": "Can view user", "content_type": 1, "codename": "view_user"}}, {"model": "auth.permission", "pk": 5, "fields": {"name": "Can add status", "content_type": 2, "codename": "add_status"}}, {"model": "auth.permission", "pk": 6, "fields": {"name": "Can change status", "content_type": 2, "codename": "change_status"}}, {"model": "auth.permission", "pk": 7, "fields": {"name": "Can delete status", "content_type": 2, "codename": "delete_status"}}, {"model": "auth.permission", "pk": 8, "fields": {"name": "Can view status", "content_type": 2, "codename": "view_status"}}, {"model": "auth.permission", "pk": 9, "fields": {"name": "Can add project", "content_type": 3, "codename": "add_project"}}, {"model": "auth.permission", "pk": 10, "fields": {"name": "Can change project", "content_type": 3, "codename": "change_project"}}, {"model": "auth.permission", "pk": 11, "fields": {"name": "Can delete project", "content_type": 3, "codename": "delete_project"}}, {"model": "auth.permission", "pk": 12, "fields": {"name": "Can view project", "content_type": 3, "codename": "view_project"}}, {"model": "auth.permission", "pk": 13, "fields": {"name": "Can add participant", "content_type": 4, "codename": "add_participant"}}, {"model": "auth.permission", "pk": 14, "fields": {"name": "Can change participant", "content_type": 4, "codename": "change_participant"}}, {"model": "auth.permission", "pk": 15, "fields": {"name": "Can delete participant", "content_type": 4, "codename": "delete_participant"}}, {"model": "auth.permission", "pk": 16, "fields": {"name": "Can view participant", "content_type": 4, "codename": "view_participant"}}, {"model": "auth.permission", "pk": 17, "fields": {"name": "Can add applicant", "content_type": 5, "codename": "add_applicant"}}, {"model": "auth.permission", "pk": 18, "fields": {"name": "Can change applicant", "content_type": 5, "codename": "change_applicant"}}, {"model": "auth.permission", "pk": 19, "fields": {"name": "Can delete applicant", "content_type": 5, "codename": "delete_applicant"}}, {"model": "auth.permission", "pk": 20, "fields": {"name": "Can view applicant", "content_type": 5, "codename": "view_applicant"}}, {"model": "auth.permission", "pk": 21, "fields": {"name": "Can add baek joon level", "content_type": 6, "codename": "add_baekjoonlevel"}}, {"model": "auth.permission", "pk": 22, "fields": {"name": "Can change baek joon level", "content_type": 6, "codename": "change_baekjoonlevel"}}, {"model": "auth.permission", "pk": 23, "fields": {"name": "Can delete baek joon level", "content_type": 6, "codename": "delete_baekjoonlevel"}}, {"model": "auth.permission", "pk": 24, "fields": {"name": "Can view baek joon level", "content_type": 6, "codename": "view_baekjoonlevel"}}, {"model": "auth.permission", "pk": 25, "fields": {"name": "Can add campus", "content_type": 7, "codename": "add_campus"}}, {"model": "auth.permission", "pk": 26, "fields": {"name": "Can change campus", "content_type": 7, "codename": "change_campus"}}, {"model": "auth.permission", "pk": 27, "fields": {"name": "Can delete campus", "content_type": 7, "codename": "delete_campus"}}, {"model": "auth.permission", "pk": 28, "fields": {"name": "Can view campus", "content_type": 7, "codename": "view_campus"}}, {"model": "auth.permission", "pk": 29, "fields": {"name": "Can add language", "content_type": 8, "codename": "add_language"}}, {"model": "auth.permission", "pk": 30, "fields": {"name": "Can change language", "content_type": 8, "codename": "change_language"}}, {"model": "auth.permission", "pk": 31, "fields": {"name": "Can delete language", "content_type": 8, "codename": "delete_language"}}, {"model": "auth.permission", "pk": 32, "fields": {"name": "Can view language", "content_type": 8, "codename": "view_language"}}, {"model": "auth.permission", "pk": 33, "fields": {"name": "Can add part", "content_type": 9, "codename": "add_part"}}, {"model": "auth.permission", "pk": 34, "fields": {"name": "Can change part", "content_type": 9, "codename": "change_part"}}, {"model": "auth.permission", "pk": 35, "fields": {"name": "Can delete part", "content_type": 9, "codename": "delete_part"}}, {"model": "auth.permission", "pk": 36, "fields": {"name": "Can view part", "content_type": 9, "codename": "view_part"}}, {"model": "auth.permission", "pk": 37, "fields": {"name": "Can add skill category", "content_type": 10, "codename": "add_skillcategory"}}, {"model": "auth.permission", "pk": 38, "fields": {"name": "Can change skill category", "content_type": 10, "codename": "change_skillcategory"}}, {"model": "auth.permission", "pk": 39, "fields": {"name": "Can delete skill category", "content_type": 10, "codename": "delete_skillcategory"}}, {"model": "auth.permission", "pk": 40, "fields": {"name": "Can view skill category", "content_type": 10, "codename": "view_skillcategory"}}, {"model": "auth.permission", "pk": 41, "fields": {"name": "Can add track", "content_type": 11, "codename": "add_track"}}, {"model": "auth.permission", "pk": 42, "fields": {"name": "Can change track", "content_type": 11, "codename": "change_track"}}, {"model": "auth.permission", "pk": 43, "fields": {"name": "Can delete track", "content_type": 11, "codename": "delete_track"}}, {"model": "auth.permission", "pk": 44, "fields": {"name": "Can view track", "content_type": 11, "codename": "view_track"}}, {"model": "auth.permission", "pk": 45, "fields": {"name": "Can add skill", "content_type": 12, "codename": "add_skill"}}, {"model": "auth.permission", "pk": 46, "fields": {"name": "Can change skill", "content_type": 12, "codename": "change_skill"}}, {"model": "auth.permission", "pk": 47, "fields": {"name": "Can delete skill", "content_type": 12, "codename": "delete_skill"}}, {"model": "auth.permission", "pk": 48, "fields": {"name": "Can view skill", "content_type": 12, "codename": "view_skill"}}, {"model": "auth.permission", "pk": 49, "fields": {"name": "Can add Token", "content_type": 13, "codename": "add_token"}}, {"model": "auth.permission", "pk": 50, "fields": {"name": "Can change Token", "content_type": 13, "codename": "change_token"}}, {"model": "auth.permission", "pk": 51, "fields": {"name": "Can delete Token", "content_type": 13, "codename": "delete_token"}}, {"model": "auth.permission", "pk": 52, "fields": {"name": "Can view Token", "content_type": 13, "codename": "view_token"}}, {"model": "auth.permission", "pk": 53, "fields": {"name": "Can add token", "content_type": 14, "codename": "add_tokenproxy"}}, {"model": "auth.permission", "pk": 54, "fields": {"name": "Can change token", "content_type": 14, "codename": "change_tokenproxy"}}, {"model": "auth.permission", "pk": 55, "fields": {"name": "Can delete token", "content_type": 14, "codename": "delete_tokenproxy"}}, {"model": "auth.permission", "pk": 56, "fields": {"name": "Can view token", "content_type": 14, "codename": "view_tokenproxy"}}, {"model": "auth.permission", "pk": 57, "fields": {"name": "Can add site", "content_type": 15, "codename": "add_site"}}, {"model": "auth.permission", "pk": 58, "fields": {"name": "Can change site", "content_type": 15, "codename": "change_site"}}, {"model": "auth.permission", "pk": 59, "fields": {"name": "Can delete site", "content_type": 15, "codename": "delete_site"}}, {"model": "auth.permission", "pk": 60, "fields": {"name": "Can view site", "content_type": 15, "codename": "view_site"}}, {"model": "auth.permission", "pk": 61, "fields": {"name": "Can add email address", "content_type": 16, "codename": "add_emailaddress"}}, {"model": "auth.permission", "pk": 62, "fields": {"name": "Can change email address", "content_type": 16, "codename": "change_emailaddress"}}, {"model": "auth.permission", "pk": 63, "fields": {"name": "Can delete email address", "content_type": 16, "codename": "delete_emailaddress"}}, {"model": "auth.permission", "pk": 64, "fields": {"name": "Can view email address", "content_type": 16, "codename": "view_emailaddress"}}, {"model": "auth.permission", "pk": 65, "fields": {"name": "Can add email confirmation", "content_type": 17, "codename": "add_emailconfirmation"}}, {"model": "auth.permission", "pk": 66, "fields": {"name": "Can change email confirmation", "content_type": 17, "codename": "change_emailconfirmation"}}, {"model": "auth.permission", "pk": 67, "fields": {"name": "Can delete email confirmation", "content_type": 17, "codename": "delete_emailconfirmation"}}, {"model": "auth.permission", "pk": 68, "fields": {"name": "Can view email confirmation", "content_type": 17, "codename": "view_emailconfirmation"}}, {"model": "auth.permission", "pk": 69, "fields": {"name": "Can add social account", "content_type": 18, "codename": "add_socialaccount"}}, {"model": "auth.permission", "pk": 70, "fields": {"name": "Can change social account", "content_type": 18, "codename": "change_socialaccount"}}, {"model": "auth.permission", "pk": 71, "fields": {"name": "Can delete social account", "content_type": 18, "codename": "delete_socialaccount"}}, {"model": "auth.permission", "pk": 72, "fields": {"name": "Can view social account", "content_type": 18, "codename": "view_socialaccount"}}, {"model": "auth.permission", "pk": 73, "fields": {"name": "Can add social application", "content_type": 19, "codename": "add_socialapp"}}, {"model": "auth.permission", "pk": 74, "fields": {"name": "Can change social application", "content_type": 19, "codename": "change_socialapp"}}, {"model": "auth.permission", "pk": 75, "fields": {"name": "Can delete social application", "content_type": 19, "codename": "delete_socialapp"}}, {"model": "auth.permission", "pk": 76, "fields": {"name": "Can view social application", "content_type": 19, "codename": "view_socialapp"}}, {"model": "auth.permission", "pk": 77, "fields": {"name": "Can add social application token", "content_type": 20, "codename": "add_socialtoken"}}, {"model": "auth.permission", "pk": 78, "fields": {"name": "Can change social application token", "content_type": 20, "codename": "change_socialtoken"}}, {"model": "auth.permission", "pk": 79, "fields": {"name": "Can delete social application token", "content_type": 20, "codename": "delete_socialtoken"}}, {"model": "auth.permission", "pk": 80, "fields": {"name": "Can view social application token", "content_type": 20, "codename": "view_socialtoken"}}, {"model": "auth.permission", "pk": 81, "fields": {"name": "Can add log entry", "content_type": 21, "codename": "add_logentry"}}, {"model": "auth.permission", "pk": 82, "fields": {"name": "Can change log entry", "content_type": 21, "codename": "change_logentry"}}, {"model": "auth.permission", "pk": 83, "fields": {"name": "Can delete log entry", "content_type": 21, "codename": "delete_logentry"}}, {"model": "auth.permission", "pk": 84, "fields": {"name": "Can view log entry", "content_type": 21, "codename": "view_logentry"}}, {"model": "auth.permission", "pk": 85, "fields": {"name": "Can add permission", "content_type": 22, "codename": "add_permission"}}, {"model": "auth.permission", "pk": 86, "fields": {"name": "Can change permission", "content_type": 22, "codename": "change_permission"}}, {"model": "auth.permission", "pk": 87, "fields": {"name": "Can delete permission", "content_type": 22, "codename": "delete_permission"}}, {"model": "auth.permission", "pk": 88, "fields": {"name": "Can view permission", "content_type": 22, "codename": "view_permission"}}, {"model": "auth.permission", "pk": 89, "fields": {"name": "Can add group", "content_type": 23, "codename": "add_group"}}, {"model": "auth.permission", "pk": 90, "fields": {"name": "Can change group", "content_type": 23, "codename": "change_group"}}, {"model": "auth.permission", "pk": 91, "fields": {"name": "Can delete group", "content_type": 23, "codename": "delete_group"}}, {"model": "auth.permission", "pk": 92, "fields": {"name": "Can view group", "content_type": 23, "codename": "view_group"}}, {"model": "auth.permission", "pk": 93, "fields": {"name": "Can add content type", "content_type": 24, "codename": "add_contenttype"}}, {"model": "auth.permission", "pk": 94, "fields": {"name": "Can change content type", "content_type": 24, "codename": "change_contenttype"}}, {"model": "auth.permission", "pk": 95, "fields": {"name": "Can delete content type", "content_type": 24, "codename": "delete_contenttype"}}, {"model": "auth.permission", "pk": 96, "fields": {"name": "Can view content type", "content_type": 24, "codename": "view_contenttype"}}, {"model": "auth.permission", "pk": 97, "fields": {"name": "Can add session", "content_type": 25, "codename": "add_session"}}, {"model": "auth.permission", "pk": 98, "fields": {"name": "Can change session", "content_type": 25, "codename": "change_session"}}, {"model": "auth.permission", "pk": 99, "fields": {"name": "Can delete session", "content_type": 25, "codename": "delete_session"}}, {"model": "auth.permission", "pk": 100, "fields": {"name": "Can view session", "content_type": 25, "codename": "view_session"}}, {"model": "contenttypes.contenttype", "pk": 1, "fields": {"app_label": "accounts", "model": "user"}}, {"model": "contenttypes.contenttype", "pk": 2, "fields": {"app_label": "projects", "model": "status"}}, {"model": "contenttypes.contenttype", "pk": 3, "fields": {"app_label": "projects", "model": "project"}}, {"model": "contenttypes.contenttype", "pk": 4, "fields": {"app_label": "projects", "model": "participant"}}, {"model": "contenttypes.contenttype", "pk": 5, "fields": {"app_label": "projects", "model": "applicant"}}, {"model": "contenttypes.contenttype", "pk": 6, "fields": {"app_label": "objects", "model": "baekjoonlevel"}}, {"model": "contenttypes.contenttype", "pk": 7, "fields": {"app_label": "objects", "model": "campus"}}, {"model": "contenttypes.contenttype", "pk": 8, "fields": {"app_label": "objects", "model": "language"}}, {"model": "contenttypes.contenttype", "pk": 9, "fields": {"app_label": "objects", "model": "part"}}, {"model": "contenttypes.contenttype", "pk": 10, "fields": {"app_label": "objects", "model": "skillcategory"}}, {"model": "contenttypes.contenttype", "pk": 11, "fields": {"app_label": "objects", "model": "track"}}, {"model": "contenttypes.contenttype", "pk": 12, "fields": {"app_label": "objects", "model": "skill"}}, {"model": "contenttypes.contenttype", "pk": 13, "fields": {"app_label": "authtoken", "model": "token"}}, {"model": "contenttypes.contenttype", "pk": 14, "fields": {"app_label": "authtoken", "model": "tokenproxy"}}, {"model": "contenttypes.contenttype", "pk": 15, "fields": {"app_label": "sites", "model": "site"}}, {"model": "contenttypes.contenttype", "pk": 16, "fields": {"app_label": "account", "model": "emailaddress"}}, {"model": "contenttypes.contenttype", "pk": 17, "fields": {"app_label": "account", "model": "emailconfirmation"}}, {"model": "contenttypes.contenttype", "pk": 18, "fields": {"app_label": "socialaccount", "model": "socialaccount"}}, {"model": "contenttypes.contenttype", "pk": 19, "fields": {"app_label": "socialaccount", "model": "socialapp"}}, {"model": "contenttypes.contenttype", "pk": 20, "fields": {"app_label": "socialaccount", "model": "socialtoken"}}, {"model": "contenttypes.contenttype", "pk": 21, "fields": {"app_label": "admin", "model": "logentry"}}, {"model": "contenttypes.contenttype", "pk": 22, "fields": {"app_label": "auth", "model": "permission"}}, {"model": "contenttypes.contenttype", "pk": 23, "fields": {"app_label": "auth", "model": "group"}}, {"model": "contenttypes.contenttype", "pk": 24, "fields": {"app_label": "contenttypes", "model": "contenttype"}}, {"model": "contenttypes.contenttype", "pk": 25, "fields": {"app_label": "sessions", "model": "session"}}, {"model": "sessions.session", "pk": "5suoy0okijpjbbiyiwkibuhifckga5gv", "fields": {"session_data": ".eJxVjDsOwyAQRO9CHSE-xiwp0_sMaIElOImwZOwqyt2DJRdJN3rzZt7M474Vvzda_ZzYlUl2-WUB45PqUaQH1vvC41K3dQ78UPjZNj4tiV630_07KNhKXxOCdgoMgXVGy1GTdXawipQbc-fZxR5NcJA1SMIoUelBipwArBCBfb64ozbd:1pAQIj:6DW4sKnhPheWz4EqsgbEZreLRU4VoOymCjwuhNNB_nk", "expire_date": "2023-01-11T06:52:33.816Z"}}]